-- Customers Table Bulk Insert
INSERT INTO customers (customer_id, customer_name, date_of_birth, gender) VALUES
('C0001', 'Robert Hunt', '1955-06-23', 'M'),
('C0002', 'Kyle Rivers', '1952-12-22', 'M'),
('C0003', 'Antonio Watson', '1977-01-09', 'F'),
('C0004', 'Brian Pierce', '1952-09-27', 'F'),
('C0005', 'Lawrence Simmons', '1957-04-28', 'F'),
('C0006', 'James Robinson', '1956-05-16', 'F'),
('C0007', 'Christina Summers', '1969-12-04', 'F'),
('C0008', 'Hannah Martinez', '1997-04-28', 'F'),
('C0009', 'Michael Ward', '1988-06-23', 'M'),
('C0010', 'Benjamin Irwin', '2006-07-26', 'M'),
('C0011', 'Ralph Smith', '1964-05-30', 'F'),
('C0012', 'Mary Burke', '2006-03-04', 'M'),
('C0013', 'Michelle Ford', '1968-10-15', 'F'),
('C0014', 'Tara Lewis', '1966-10-10', 'F'),
('C0015', 'Nancy Bennett', '1976-05-28', 'F'),
('C0016', 'Lisa Schultz', '1989-07-24', 'F'),
('C0017', 'Brian Hansen', '1952-08-08', 'F'),
('C0018', 'James Cabrera', '1963-06-15', 'F'),
('C0019', 'Kimberly Taylor', '1974-04-21', 'F'),
('C0020', 'Valerie Bruce', '1989-01-09', 'F'),
('C0021', 'Ashley Spencer', '1960-06-22', 'M'),
('C0022', 'Christine Tate', '1984-03-03', 'M'),
('C0023', 'Robin Winters', '1976-05-29', 'M'),
('C0024', 'Nancy Knight', '1996-10-21', 'F'),
('C0025', 'Matthew Mckay', '1986-04-25', 'F'),
('C0026', 'Pamela Contreras', '1992-10-31', 'F'),
('C0027', 'Mary Woodard', '1952-09-07', 'F'),
('C0028', 'Robert Williams', '1973-03-22', 'M'),
('C0029', 'Brian Bell', '1963-03-09', 'F'),
('C0030', 'Kyle Williams', '1999-04-14', 'F'),
('C0031', 'Christopher Hoffman', '1969-12-27', 'M'),
('C0032', 'Victoria West', '1994-12-26', 'M'),
('C0033', 'Zachary Webb', '1989-08-13', 'F'),
('C0034', 'Ariel Torres', '1995-03-26', 'F'),
('C0035', 'Francisco Goodwin', '1951-05-16', 'F'),
('C0036', 'Garrett Jennings', '1973-08-13', 'F'),
('C0037', 'Daniel Edwards', '1957-09-10', 'M'),
('C0038', 'Katie Mcguire', '1976-08-10', 'F'),
('C0039', 'Pamela Diaz', '1980-06-21', 'F'),
('C0040', 'Richard Brown', '1979-07-02', 'M'),
('C0041', 'Mr. Anthony Collins', '1992-03-12', 'F'),
('C0042', 'Alex Kelly', '2005-12-26', 'F'),
('C0043', 'Karen Berger', '1974-12-22', 'F'),
('C0044', 'Lisa Hill', '1970-08-21', 'M'),
('C0045', 'Michael Mcdonald', '2000-12-19', 'M'),
('C0046', 'Paige Bennett', '1958-02-04', 'F'),
('C0047', 'Alec Barajas', '1951-05-12', 'F'),
('C0048', 'Debra Craig', '2005-11-17', 'F'),
('C0049', 'Billy Wilson', '1971-05-17', 'F'),
('C0050', 'Thomas Hawkins', '1984-11-03', 'M'),
('C0051', 'Jessica Brown', '2005-10-26', 'M'),
('C0052', 'Nancy Novak', '1986-02-02', 'F'),
('C0053', 'Donna Bray', '1988-01-20', 'F'),
('C0054', 'Danielle Love', '2004-09-25', 'F'),
('C0055', 'Mary Clayton', '1965-06-08', 'M'),
('C0056', 'Erik Smith', '1973-01-03', 'M'),
('C0057', 'Kristin Holt', '2001-09-25', 'F'),
('C0058', 'Ashley Johnson', '1978-02-14', 'M'),
('C0059', 'Tracy Harper', '1993-08-26', 'F'),
('C0060', 'Jennifer Navarro', '1990-10-21', 'M'),
('C0061', 'Steven Davis', '1980-01-12', 'F'),
('C0062', 'Mariah Figueroa', '1979-12-17', 'M'),
('C0063', 'Brandon Rodgers', '1955-09-27', 'F'),
('C0064', 'Maureen Duncan', '1995-07-22', 'F'),
('C0065', 'Jennifer Flores', '1993-07-05', 'M'),
('C0066', 'Stephanie Roach', '1988-08-28', 'F'),
('C0067', 'Jacqueline Jenkins', '1966-09-13', 'M'),
('C0068', 'Katie Frazier', '1957-01-05', 'M'),
('C0069', 'Bethany Mullins', '1984-05-24', 'M'),
('C0070', 'Amber Arroyo', '1962-02-12', 'M'),
('C0071', 'Judy Anderson', '1970-06-03', 'M'),
('C0072', 'Connie Chang', '1962-06-08', 'F'),
('C0073', 'Denise Diaz', '2006-08-02', 'M'),
('C0074', 'Sarah Hansen MD', '1966-01-11', 'M'),
('C0075', 'Crystal Ramos', '2000-07-07', 'F'),
('C0076', 'Todd Eaton', '1970-08-09', 'F'),
('C0077', 'Denise Macdonald', '1991-11-12', 'F'),
('C0078', 'Elizabeth Adams', '1999-01-24', 'M'),
('C0079', 'Jason Berry', '1999-12-17', 'M'),
('C0080', 'Henry Chapman', '1968-06-28', 'M'),
('C0081', 'Nicholas Harrington', '1950-01-13', 'M'),
('C0082', 'Sara Acevedo', '1958-01-14', 'F'),
('C0083', 'Tammy Sanders', '1952-06-08', 'M'),
('C0084', 'Jodi Taylor', '1997-08-14', 'M'),
('C0085', 'Antonio Berry', '1960-06-04', 'M'),
('C0086', 'Keith Ellis', '1957-04-12', 'M'),
('C0087', 'Andre Merritt', '1970-05-20', 'F'),
('C0088', 'Mark Grant', '1988-04-27', 'F'),
('C0089', 'Tracy Mason', '2002-02-13', 'F'),
('C0090', 'Gabriela Jones', '1954-10-31', 'M'),
('C0091', 'Mrs. Sarah Lopez', '1977-11-19', 'M'),
('C0092', 'James Martinez', '1957-10-28', 'M'),
('C0093', 'Kevin Wagner DDS', '1959-11-24', 'F'),
('C0094', 'Jennifer Roberts DVM', '1988-10-07', 'M'),
('C0095', 'Jody Stevens', '2001-05-24', 'M'),
('C0096', 'Timothy Nelson', '1950-09-25', 'M'),
('C0097', 'Casey Wilkins', '1959-06-25', 'M'),
('C0098', 'Nicholas Brown', '1976-02-10', 'M'),
('C0099', 'Jeremy Jimenez', '1953-09-17', 'F'),
('C0100', 'Kevin Reese', '1995-02-11', 'M'),
('C0101', 'Mark Chandler', '1963-09-25', 'M'),
('C0102', 'Mark Young', '1968-05-22', 'F'),
('C0103', 'Jill Ross', '1969-01-05', 'F'),
('C0104', 'Anthony Smith', '2002-07-26', 'F'),
('C0105', 'Megan Savage', '1992-07-19', 'F'),
('C0106', 'Tiffany Nichols', '1985-09-10', 'F'),
('C0107', 'Marco Gentry', '1999-05-22', 'M'),
('C0108', 'Jennifer Walker', '1993-03-28', 'M'),
('C0109', 'Jeffrey Bell', '1971-05-01', 'F'),
('C0110', 'David Williamson', '1973-03-24', 'F'),
('C0111', 'Amanda Atkinson', '1988-11-10', 'M'),
('C0112', 'Frances Taylor', '1965-07-14', 'M'),
('C0113', 'Shane Hardin', '1988-12-20', 'M'),
('C0114', 'Kristin Barnes', '1994-01-04', 'M'),
('C0115', 'Charles Boone', '1993-06-06', 'F'),
('C0116', 'Debra Cox', '1970-10-28', 'M'),
('C0117', 'Darryl Parker', '2002-08-07', 'F'),
('C0118', 'Sean Harris', '1984-04-24', 'M'),
('C0119', 'Brandon Villarreal', '2003-06-24', 'M'),
('C0120', 'James Cook', '1964-05-19', 'M'),
('C0121', 'Laura Williams', '2006-05-11', 'M'),
('C0122', 'Jamie Hess', '1989-09-29', 'F'),
('C0123', 'William Schmidt', '1984-02-14', 'M'),
('C0124', 'Jennifer Watkins', '1979-10-11', 'M'),
('C0125', 'Cesar Lewis', '1969-07-29', 'M'),
('C0126', 'Dustin Ortiz', '1964-04-05', 'M'),
('C0127', 'Tammy Spence', '1967-11-20', 'M'),
('C0128', 'William Rodriguez', '1953-06-30', 'F'),
('C0129', 'Mary Sanders', '2006-03-17', 'M'),
('C0130', 'Maria Stevenson', '1985-07-22', 'F'),
('C0131', 'Kimberly Crawford', '1971-07-26', 'F'),
('C0132', 'Joshua Phillips', '2006-09-08', 'M'),
('C0133', 'Barry Thompson', '1949-04-09', 'M'),
('C0134', 'Robert Sanchez', '1963-01-20', 'F'),
('C0135', 'Shannon Fuentes', '1958-11-26', 'M'),
('C0136', 'David Blankenship', '1999-04-05', 'F'),
('C0137', 'Cody Wiggins', '1975-03-06', 'F'),
('C0138', 'Christian Allen', '1977-07-21', 'F'),
('C0139', 'Travis House', '1978-12-18', 'M'),
('C0140', 'David Sullivan', '2006-01-02', 'F'),
('C0141', 'Joshua Sandoval', '1954-10-21', 'M'),
('C0142', 'Mary Stephens', '1986-05-21', 'F'),
('C0143', 'Miguel Hall', '1980-07-28', 'M'),
('C0144', 'Eric Chavez', '1992-02-12', 'M'),
('C0145', 'Steven Combs', '1977-08-18', 'F'),
('C0146', 'Colton Acosta', '1970-03-13', 'F'),
('C0147', 'Michele Arroyo PhD', '1989-12-29', 'F'),
('C0148', 'Alan Russell', '1986-05-01', 'M'),
('C0149', 'Joel Doyle', '1951-08-13', 'F'),
('C0150', 'Cody Moore', '1954-06-11', 'M'),
('C0151', 'Michelle Ortega DDS', '1976-07-09', 'F'),
('C0152', 'Elizabeth Meyer', '1979-04-24', 'M'),
('C0153', 'Lori Kennedy', '1982-01-10', 'F'),
('C0154', 'Edward Ramos', '1997-11-21', 'F'),
('C0155', 'Jose Martinez', '1950-03-28', 'F'),
('C0156', 'Elizabeth Evans', '1955-12-07', 'F'),
('C0157', 'Lisa Peterson', '1952-05-22', 'M'),
('C0158', 'Daniel Tyler', '1976-09-29', 'F'),
('C0159', 'Melissa Mays', '1999-02-02', 'F'),
('C0160', 'Kayla Ramirez', '1971-09-26', 'F'),
('C0161', 'Andres Payne', '1994-04-23', 'F'),
('C0162', 'Caitlin Mcgee', '2000-11-26', 'M'),
('C0163', 'Jason Durham', '1961-06-08', 'M'),
('C0164', 'David Anderson', '1988-01-10', 'M'),
('C0165', 'Wayne Wright', '1953-07-18', 'M'),
('C0166', 'Eugene Harrison', '1953-03-09', 'F'),
('C0167', 'Karen Watson', '2001-06-19', 'F'),
('C0168', 'Howard Clayton', '1959-07-22', 'M'),
('C0169', 'Kristin Porter', '1968-01-11', 'F'),
('C0170', 'Ryan Turner', '1984-03-09', 'M'),
('C0171', 'Patricia Robinson', '1983-06-02', 'M'),
('C0172', 'Tiffany Hunt', '1978-10-04', 'M'),
('C0173', 'Jonathan Yoder', '1986-02-02', 'M'),
('C0174', 'Alexander Cox', '1956-11-08', 'M'),
('C0175', 'William Mays', '1986-08-28', 'F'),
('C0176', 'Steven Hanson', '2001-08-01', 'F'),
('C0177', 'Elizabeth Robinson', '1977-11-14', 'M'),
('C0178', 'Eric Peck', '1951-04-02', 'M'),
('C0179', 'Aaron Black', '1985-12-25', 'F'),
('C0180', 'Melissa Williams', '2002-03-18', 'M'),
('C0181', 'Jack Boyd', '1951-02-01', 'M'),
('C0182', 'Katherine Montes', '1969-11-21', 'M'),
('C0183', 'Jeffrey James', '1961-02-21', 'F'),
('C0184', 'William Novak', '1971-02-22', 'M'),
('C0185', 'Janet Lewis', '1963-10-29', 'F'),
('C0186', 'Shannon Pierce', '1952-08-29', 'F'),
('C0187', 'Brandon Obrien', '1976-04-20', 'F'),
('C0188', 'Rebekah Blevins', '1949-10-25', 'M'),
('C0189', 'Travis Holden', '1949-11-16', 'M'),
('C0190', 'Christopher Ortega', '1979-03-20', 'M'),
('C0191', 'Brandi Vasquez', '1983-08-23', 'F'),
('C0192', 'Christopher Morgan', '1989-05-26', 'F'),
('C0193', 'Wendy Cummings', '1965-10-28', 'M'),
('C0194', 'Michael Lee', '1974-05-06', 'M'),
('C0195', 'Erin Hall', '1987-02-16', 'M'),
('C0196', 'Nathan Escobar', '1972-04-05', 'F'),
('C0197', 'Lisa Bryant', '1955-05-11', 'F'),
('C0198', 'Allison Mcintosh', '1981-07-07', 'M'),
('C0199', 'Antonio Miller', '1950-09-18', 'F'),
('C0200', 'Taylor Jenkins', '1988-11-20', 'M'),
('C0201', 'Karen Hess', '1996-05-27', 'F'),
('C0202', 'Angela Gray', '1958-03-24', 'F'),
('C0203', 'Brian Hayes', '2007-03-14', 'F'),
('C0204', 'Daniel Edwards', '1994-10-25', 'M'),
('C0205', 'Catherine Branch', '2006-04-12', 'M'),
('C0206', 'Henry Hendrix', '1982-08-24', 'M'),
('C0207', 'Savannah Williams', '1979-07-27', 'F'),
('C0208', 'Craig Orr', '1975-11-22', 'F'),
('C0209', 'Peter Johnson', '1957-09-24', 'M'),
('C0210', 'Jean Mitchell', '1997-12-28', 'M'),
('C0211', 'Juan Crawford', '1997-08-19', 'M'),
('C0212', 'Paul Davis', '1952-03-02', 'F'),
('C0213', 'Michelle Garza', '1996-08-06', 'M'),
('C0214', 'Tiffany Hoffman', '1998-06-04', 'M'),
('C0215', 'Alexis Mccoy', '1957-05-30', 'M'),
('C0216', 'Heidi Yoder', '1992-11-03', 'M'),
('C0217', 'Alexis Salinas', '1961-01-08', 'F'),
('C0218', 'Michele Riley', '1998-07-13', 'F'),
('C0219', 'Edward Lopez', '1978-06-16', 'F'),
('C0220', 'Matthew Miller', '2006-07-06', 'F'),
('C0221', 'David Miller', '1994-07-27', 'M'),
('C0222', 'Stephanie Atkins', '1957-01-28', 'M'),
('C0223', 'Tabitha Foster', '1977-02-13', 'F'),
('C0224', 'Dr. Colleen Watson', '1999-02-07', 'M'),
('C0225', 'Dustin Blake', '1953-03-15', 'M'),
('C0226', 'Jacob Sanders', '2005-05-03', 'M'),
('C0227', 'Anna Kirby', '1956-09-10', 'M'),
('C0228', 'Diana Johnson', '1992-11-29', 'F'),
('C0229', 'Stephanie Mcguire', '1991-08-23', 'M'),
('C0230', 'Joseph Ruiz', '1950-07-21', 'M'),
('C0231', 'Kristin Figueroa', '1962-02-03', 'M'),
('C0232', 'Valerie Fuentes', '1977-10-21', 'F'),
('C0233', 'Michelle Hayden', '1984-09-14', 'F'),
('C0234', 'Donna Montgomery', '1984-01-12', 'F'),
('C0235', 'James Cole', '1956-11-04', 'F'),
('C0236', 'Matthew Stewart', '1973-07-22', 'F'),
('C0237', 'Lisa Sandoval', '1983-08-06', 'M'),
('C0238', 'Cody Petersen', '1958-03-13', 'F'),
('C0239', 'Mr. Anthony Zamora', '1957-06-07', 'F'),
('C0240', 'Michael Martinez', '1967-12-19', 'M'),
('C0241', 'Christine Adams', '1997-03-17', 'M'),
('C0242', 'Brandy Boone', '2005-06-29', 'M'),
('C0243', 'Renee Blackwell', '1995-02-04', 'M'),
('C0244', 'Ricardo Doyle', '1955-07-07', 'F'),
('C0245', 'Micheal Sexton', '1962-01-11', 'M'),
('C0246', 'Karen Berg', '1993-05-19', 'F'),
('C0247', 'Carlos Vang', '1970-04-14', 'M'),
('C0248', 'Rebecca Reeves', '1998-09-28', 'F'),
('C0249', 'Natasha Henderson', '1955-02-22', 'M'),
('C0250', 'Michelle Oliver', '1964-04-23', 'F'),
('C0251', 'Christina Keith', '1993-07-07', 'F'),
('C0252', 'Shawn Williams', '1983-10-31', 'F'),
('C0253', 'Daniel Sanders', '1977-08-03', 'F'),
('C0254', 'Brian Wyatt', '1990-01-10', 'F'),
('C0255', 'Joseph White', '1972-04-24', 'F'),
('C0256', 'Peter Cox', '1988-06-10', 'F'),
('C0257', 'Joshua Stevenson', '1964-09-10', 'F'),
('C0258', 'Beth Moore', '1994-07-05', 'F'),
('C0259', 'Haley Ruiz', '1997-06-20', 'M'),
('C0260', 'Tyler Arroyo', '1962-08-26', 'F'),
('C0261', 'Erin Thompson', '1953-06-14', 'M'),
('C0262', 'Linda Holt', '1996-03-25', 'F'),
('C0263', 'David Salinas', '1951-10-10', 'M'),
('C0264', 'Olivia Kennedy', '1994-01-01', 'F'),
('C0265', 'Donald Valencia', '1977-12-24', 'F'),
('C0266', 'Maria David', '2005-03-08', 'M'),
('C0267', 'Amanda Rosales', '1973-04-14', 'F'),
('C0268', 'Andrew Ellis', '1953-07-01', 'F'),
('C0269', 'Alexis Farley', '1989-02-13', 'M'),
('C0270', 'Kathy Deleon', '1985-01-06', 'F'),
('C0271', 'Kristin Wilcox', '1987-04-16', 'F'),
('C0272', 'Heather Weber', '1980-10-06', 'M'),
('C0273', 'Mrs. Jennifer Miller', '1994-01-20', 'F'),
('C0274', 'Kristie Clark', '1950-04-10', 'M'),
('C0275', 'Donna Smith', '1973-08-05', 'F'),
('C0276', 'Lance Cox', '1991-06-13', 'F'),
('C0277', 'Lisa King', '1956-07-27', 'F'),
('C0278', 'Sandra Bruce', '1994-09-18', 'M'),
('C0279', 'Matthew Bowen', '1961-07-15', 'M'),
('C0280', 'Rachel Robertson', '1971-07-11', 'F'),
('C0281', 'Erika Thompson', '1973-12-18', 'F'),
('C0282', 'Ronald Brooks', '1965-06-29', 'M'),
('C0283', 'Brandon Torres', '1977-03-12', 'M'),
('C0284', 'Theresa Palmer', '1980-07-09', 'F'),
('C0285', 'Alicia Gonzalez', '1981-01-28', 'F'),
('C0286', 'Cheryl Trujillo', '1970-09-25', 'F'),
('C0287', 'Jamie Baker', '1996-04-15', 'F'),
('C0288', 'Kristin Lee', '1981-06-09', 'F'),
('C0289', 'Denise Walker', '2004-03-15', 'F'),
('C0290', 'Samuel Torres', '1992-08-11', 'M'),
('C0291', 'Nancy Foley', '2005-01-30', 'M'),
('C0292', 'Theresa Mcdowell', '1955-08-16', 'F'),
('C0293', 'Cody Martinez', '1975-12-13', 'F'),
('C0294', 'Tanya Coleman', '2006-09-10', 'M'),
('C0295', 'Kimberly Jenkins', '1967-01-09', 'M'),
('C0296', 'Andrea Knapp', '1996-08-22', 'M'),
('C0297', 'Joseph Torres', '1967-05-03', 'M'),
('C0298', 'Melissa Riley', '1977-11-06', 'M'),
('C0299', 'Makayla Smith', '1997-09-05', 'F'),
('C0300', 'Jacob Powers', '1951-01-09', 'M'),
('C0301', 'Micheal Cooper', '1949-11-02', 'M'),
('C0302', 'Kristi Murphy', '1993-01-06', 'M'),
('C0303', 'Charles Brennan', '1978-08-15', 'F'),
('C0304', 'Greg Martinez', '1993-08-04', 'M'),
('C0305', 'Victor Warren', '1999-07-28', 'M'),
('C0306', 'Jodi Torres', '1962-05-07', 'F'),
('C0307', 'David Edwards', '1963-01-18', 'M'),
('C0308', 'Keith Martin', '1970-06-08', 'M'),
('C0309', 'Angela Page', '1953-11-30', 'M'),
('C0310', 'Sean Wang', '1965-05-16', 'M'),
('C0311', 'William Yates', '1984-01-10', 'M'),
('C0312', 'Catherine Reed', '1985-07-30', 'M'),
('C0313', 'Alexa Kim', '2000-03-11', 'M'),
('C0314', 'Margaret Day', '1996-11-12', 'M'),
('C0315', 'Abigail Becker', '2004-10-10', 'F'),
('C0316', 'Robert Owen', '1949-04-21', 'F'),
('C0317', 'Kristen Shah', '1978-09-17', 'M'),
('C0318', 'David Adams', '2003-03-02', 'F'),
('C0319', 'Renee Bennett', '2002-05-03', 'M'),
('C0320', 'Adrian Baker', '1952-03-29', 'F'),
('C0321', 'Alexandria Ramsey', '1999-08-22', 'M'),
('C0322', 'Joseph White', '1969-10-29', 'M'),
('C0323', 'Hannah Conway', '1971-11-18', 'M'),
('C0324', 'Lisa Peterson MD', '2005-08-11', 'F'),
('C0325', 'Jade Cruz', '1976-05-26', 'M'),
('C0326', 'Kaitlyn Pope', '2001-11-28', 'F'),
('C0327', 'Richard Woods', '1980-09-19', 'F'),
('C0328', 'Christopher Kelly', '2006-03-10', 'F'),
('C0329', 'Dalton Gonzalez', '1951-08-23', 'M'),
('C0330', 'Wanda Scott', '1985-02-17', 'F'),
('C0331', 'Patricia West', '1966-03-22', 'M'),
('C0332', 'Heather Weaver', '1957-03-16', 'M'),
('C0333', 'Dean Wilson', '1975-02-04', 'F'),
('C0334', 'Adam Lewis', '1959-12-22', 'M'),
('C0335', 'Richard Johnson', '2000-08-04', 'F'),
('C0336', 'David Small', '2001-05-31', 'F'),
('C0337', 'Jose Reeves', '1950-05-09', 'F'),
('C0338', 'Christina Kim', '1986-05-30', 'M'),
('C0339', 'Miranda Pham', '1968-05-21', 'M'),
('C0340', 'Matthew Lang', '1960-02-25', 'M'),
('C0341', 'Jason Shepard', '1982-07-01', 'F'),
('C0342', 'Monica White', '1974-12-15', 'F'),
('C0343', 'Frank Scott', '1980-10-10', 'M'),
('C0344', 'Caitlin Davis', '1958-08-29', 'M'),
('C0345', 'Meredith Sanders', '2004-09-13', 'F'),
('C0346', 'Mary Garcia', '1985-04-08', 'F'),
('C0347', 'Eric Taylor', '1971-12-08', 'F'),
('C0348', 'Kelsey Collier', '1956-07-05', 'F'),
('C0349', 'Christopher Burns', '1971-08-26', 'M'),
('C0350', 'Amanda Martinez', '1954-02-24', 'M'),
('C0351', 'Michael Cook', '1955-10-26', 'F'),
('C0352', 'Mason Macias', '1969-06-14', 'F'),
('C0353', 'Alexa Johnson', '1977-03-29', 'F'),
('C0354', 'William Campbell', '1991-05-29', 'F'),
('C0355', 'Natasha White', '1984-04-19', 'F'),
('C0356', 'Dwayne Clarke', '1983-06-21', 'M'),
('C0357', 'Richard Barber', '1995-03-03', 'M'),
('C0358', 'Alex Crawford', '1969-06-08', 'F'),
('C0359', 'Richard Crane', '1950-08-04', 'F'),
('C0360', 'David Nguyen', '1962-07-21', 'F'),
('C0361', 'Eric Munoz', '2005-06-28', 'M'),
('C0362', 'Larry Hansen', '2006-10-22', 'F'),
('C0363', 'Ian Wilson', '1989-03-15', 'F'),
('C0364', 'Jennifer Henderson', '1956-11-17', 'M'),
('C0365', 'Robert Mcgee', '1974-12-20', 'F'),
('C0366', 'Paul Jacobs', '2004-09-28', 'M'),
('C0367', 'Janet Stark', '1972-01-01', 'M'),
('C0368', 'Vanessa Silva', '1963-10-20', 'F'),
('C0369', 'Kaylee Kidd', '1963-01-28', 'F'),
('C0370', 'Joseph Edwards', '2006-11-30', 'M'),
('C0371', 'Melissa Harris', '1992-02-09', 'F'),
('C0372', 'Erika Smith', '1963-04-17', 'F'),
('C0373', 'Angela Ali', '2002-12-29', 'F'),
('C0374', 'Joshua Garrison', '1983-06-20', 'F'),
('C0375', 'Brian Jones', '1999-10-01', 'F'),
('C0376', 'David Flores', '2006-09-01', 'F'),
('C0377', 'Donald Miller', '1973-08-27', 'M'),
('C0378', 'Steven Martinez', '1974-02-04', 'M'),
('C0379', 'Alexandra Valencia', '2002-10-09', 'M'),
('C0380', 'Emily Nichols', '1971-07-16', 'F'),
('C0381', 'Susan Watts', '1965-09-05', 'F'),
('C0382', 'Lisa Bray', '1963-07-12', 'F'),
('C0383', 'Michael Mays', '1952-04-20', 'F'),
('C0384', 'Matthew Gonzalez', '1959-09-04', 'M'),
('C0385', 'Michael Castillo', '1956-07-07', 'M'),
('C0386', 'Michelle Lane', '1978-09-15', 'M'),
('C0387', 'Joshua Sandoval', '1954-03-20', 'F'),
('C0388', 'Tasha Harris', '1994-01-27', 'F'),
('C0389', 'Monica Moreno', '1953-08-17', 'M'),
('C0390', 'Philip Blake', '1968-04-17', 'M'),
('C0391', 'Mary Lane', '2006-04-23', 'F'),
('C0392', 'Daniel James', '1969-10-29', 'F'),
('C0393', 'Victoria Castro', '1994-10-13', 'F'),
('C0394', 'Kathy Lopez', '1952-09-27', 'F'),
('C0395', 'Russell Smith', '1976-09-26', 'F'),
('C0396', 'Elizabeth Russell', '1979-06-19', 'M'),
('C0397', 'Luis Moreno', '1982-07-02', 'F'),
('C0398', 'Robert Smith', '2004-02-26', 'F'),
('C0399', 'Mary Khan', '1997-11-26', 'M'),
('C0400', 'Deborah Cruz', '1978-01-08', 'M');

-- Policies Table Bulk Insert
INSERT INTO policies (policy_id, customer_id, agent_id, policy_type, policy_start_date, policy_end_date, premium_amount, coverage_amount, payment_frequency, region, vehicle_type) VALUES
('P00001', 'C0111', 'A133', 'Auto', '2023-10-10', '2024-10-09', 1961.22, 21595.27, 'Quarterly', 'Wales', 'Convertible'),
('P00002', 'C0308', 'A152', 'Auto', '2023-05-01', '2024-04-30', 1552.53, 13566.52, 'Quarterly', 'Northern Ireland', 'Hatchback'),
('P00003', 'C0161', 'A157', 'Auto', '2024-05-19', '2025-05-19', 1874.31, 20888.55, 'Annual', 'Scotland', 'SUV'),
('P00004', 'C0388', 'A114', 'Auto', '2025-02-11', '2026-02-11', 1394.65, 27769.02, 'Annual', 'Wales', 'Hatchback'),
('P00005', 'C0203', 'A187', 'Auto', '2023-04-23', '2024-04-22', 1201.3, 15111.42, 'Annual', 'Northern Ireland', 'Truck'),
('P00006', 'C0152', 'A114', 'Auto', '2023-05-31', '2024-05-30', 1780.44, 28680.99, 'Monthly', 'Northern Ireland', 'SUV'),
('P00007', 'C0057', 'A197', 'Auto', '2023-06-30', '2024-06-29', 857.48, 29840.75, 'Annual', 'Scotland', 'Truck'),
('P00008', 'C0306', 'A182', 'Auto', '2024-12-04', '2025-12-04', 1867.75, 24067.92, 'Monthly', 'England', 'Hatchback'),
('P00009', 'C0067', 'A134', 'Auto', '2023-09-16', '2024-09-15', 1898.65, 29765.33, 'Annual', 'Scotland', 'SUV'),
('P00010', 'C0341', 'A168', 'Auto', '2024-03-17', '2025-03-17', 1248.92, 20572.84, 'Monthly', 'Northern Ireland', 'Convertible'),
('P00011', 'C0113', 'A171', 'Auto', '2024-02-14', '2025-02-13', 1406.8, 15589.55, 'Monthly', 'England', 'Truck'),
('P00012', 'C0035', 'A151', 'Auto', '2023-07-18', '2024-07-17', 969.21, 11158.31, 'Quarterly', 'Wales', 'Convertible'),
('P00013', 'C0116', 'A139', 'Auto', '2024-12-22', '2025-12-22', 1670.83, 28819.48, 'Monthly', 'Wales', 'Hatchback'),
('P00014', 'C0175', 'A177', 'Auto', '2024-01-09', '2025-01-08', 1134.91, 27932.19, 'Annual', 'Wales', 'SUV'),
('P00015', 'C0148', 'A165', 'Auto', '2024-12-22', '2025-12-22', 1640.25, 18333.2, 'Quarterly', 'Scotland', 'Convertible'),
('P00016', 'C0213', 'A196', 'Auto', '2024-03-06', '2025-03-06', 1524.24, 11336.66, 'Annual', 'England', 'Convertible'),
('P00017', 'C0338', 'A129', 'Auto', '2023-08-06', '2024-08-05', 984.3, 17171.21, 'Quarterly', 'Wales', 'Hatchback'),
('P00018', 'C0157', 'A154', 'Auto', '2024-10-08', '2025-10-08', 1908.73, 18640.07, 'Quarterly', 'Wales', 'Convertible'),
('P00019', 'C0232', 'A139', 'Auto', '2024-08-05', '2025-08-05', 1714.65, 18581.64, 'Quarterly', 'Northern Ireland', 'Truck'),
('P00020', 'C0327', 'A119', 'Auto', '2023-09-18', '2024-09-17', 1600.53, 28584.21, 'Monthly', 'Wales', 'SUV'),
('P00021', 'C0345', 'A102', 'Auto', '2023-10-18', '2024-10-17', 801.71, 25640.96, 'Annual', 'Northern Ireland', 'Sedan'),
('P00022', 'C0252', 'A160', 'Auto', '2023-06-06', '2024-06-05', 1222.54, 13550.43, 'Annual', 'Northern Ireland', 'Sedan'),
('P00023', 'C0390', 'A152', 'Auto', '2023-11-16', '2024-11-15', 1203.2, 12389.05, 'Monthly', 'Northern Ireland', 'SUV'),
('P00024', 'C0109', 'A188', 'Auto', '2024-03-25', '2025-03-25', 1204.22, 27162.85, 'Monthly', 'Northern Ireland', 'SUV'),
('P00025', 'C0293', 'A137', 'Auto', '2023-11-30', '2024-11-29', 845.37, 21076.44, 'Quarterly', 'England', 'Truck'),
('P00026', 'C0073', 'A151', 'Auto', '2024-03-06', '2025-03-06', 1889.12, 28072.12, 'Monthly', 'Northern Ireland', 'Truck'),
('P00027', 'C0354', 'A158', 'Auto', '2024-04-25', '2025-04-25', 1719.73, 16998.17, 'Annual', 'Wales', 'Sedan'),
('P00028', 'C0272', 'A106', 'Auto', '2023-07-03', '2024-07-02', 1827.96, 23857.93, 'Quarterly', 'Scotland', 'Hatchback'),
('P00029', 'C0337', 'A126', 'Auto', '2023-09-11', '2024-09-10', 1559.28, 14870.83, 'Quarterly', 'England', 'Hatchback'),
('P00030', 'C0277', 'A115', 'Auto', '2023-05-31', '2024-05-30', 1586.11, 19730.83, 'Quarterly', 'Northern Ireland', 'SUV'),
('P00031', 'C0201', 'A119', 'Auto', '2024-01-13', '2025-01-12', 1520.35, 11873.51, 'Monthly', 'Scotland', 'Hatchback'),
('P00032', 'C0141', 'A128', 'Auto', '2023-12-20', '2024-12-19', 1657.28, 17788.09, 'Annual', 'Scotland', 'Hatchback'),
('P00033', 'C0373', 'A189', 'Auto', '2024-03-12', '2025-03-12', 1988.71, 13629.43, 'Monthly', 'Scotland', 'Convertible'),
('P00034', 'C0345', 'A150', 'Auto', '2023-05-30', '2024-05-29', 1574.86, 18737.87, 'Quarterly', 'Wales', 'Sedan'),
('P00035', 'C0045', 'A137', 'Auto', '2024-12-02', '2025-12-02', 1528.23, 27955.16, 'Quarterly', 'Northern Ireland', 'Truck'),
('P00036', 'C0250', 'A174', 'Auto', '2023-07-17', '2024-07-16', 1503.8, 18492.47, 'Quarterly', 'Wales', 'Hatchback'),
('P00037', 'C0297', 'A146', 'Auto', '2023-12-27', '2024-12-26', 1275.8, 25584.45, 'Quarterly', 'Scotland', 'Hatchback'),
('P00038', 'C0217', 'A101', 'Auto', '2024-12-08', '2025-12-08', 1478.98, 24077.73, 'Monthly', 'Scotland', 'Sedan'),
('P00039', 'C0322', 'A118', 'Auto', '2024-07-23', '2025-07-23', 1639.39, 20416.6, 'Monthly', 'England', 'Truck'),
('P00040', 'C0269', 'A138', 'Auto', '2024-07-31', '2025-07-31', 1313.26, 15358.85, 'Monthly', 'Northern Ireland', 'Hatchback'),
('P00041', 'C0329', 'A176', 'Auto', '2024-12-19', '2025-12-19', 1926.49, 28815.72, 'Quarterly', 'Northern Ireland', 'Convertible'),
('P00042', 'C0331', 'A100', 'Auto', '2023-07-30', '2024-07-29', 813.46, 27137.26, 'Annual', 'Wales', 'Sedan'),
('P00043', 'C0158', 'A122', 'Auto', '2024-08-10', '2025-08-10', 1602.36, 24808.08, 'Annual', 'Northern Ireland', 'Convertible'),
('P00044', 'C0362', 'A199', 'Auto', '2024-11-17', '2025-11-17', 1616.74, 21603.75, 'Annual', 'England', 'Convertible'),
('P00045', 'C0212', 'A143', 'Auto', '2024-07-19', '2025-07-19', 1528.48, 13742.32, 'Annual', 'Wales', 'SUV'),
('P00046', 'C0247', 'A159', 'Auto', '2023-08-19', '2024-08-18', 1702.44, 14379.37, 'Monthly', 'England', 'Sedan'),
('P00047', 'C0135', 'A140', 'Auto', '2024-11-01', '2025-11-01', 1057.78, 26471.6, 'Annual', 'Scotland', 'SUV'),
('P00048', 'C0109', 'A197', 'Auto', '2023-05-07', '2024-05-06', 941.96, 16292.82, 'Quarterly', 'Wales', 'Hatchback'),
('P00049', 'C0164', 'A144', 'Auto', '2023-05-24', '2024-05-23', 1206.48, 23076.83, 'Quarterly', 'Scotland', 'Convertible'),
('P00050', 'C0068', 'A145', 'Auto', '2023-05-27', '2024-05-26', 1576.49, 22590.5, 'Annual', 'England', 'Sedan'),
('P00051', 'C0090', 'A197', 'Auto', '2023-10-28', '2024-10-27', 876.21, 20047.04, 'Annual', 'Wales', 'Sedan'),
('P00052', 'C0223', 'A155', 'Auto', '2023-07-20', '2024-07-19', 1787.45, 25469.4, 'Quarterly', 'England', 'Truck'),
('P00053', 'C0395', 'A117', 'Auto', '2023-12-23', '2024-12-22', 1477.72, 19887.95, 'Monthly', 'Northern Ireland', 'SUV'),
('P00054', 'C0336', 'A197', 'Auto', '2024-03-11', '2025-03-11', 1713.88, 28686.67, 'Annual', 'Wales', 'Truck'),
('P00055', 'C0393', 'A189', 'Auto', '2023-07-05', '2024-07-04', 1254.57, 22792.5, 'Annual', 'Scotland', 'SUV'),
('P00056', 'C0231', 'A124', 'Auto', '2024-03-11', '2025-03-11', 1922.4, 12473.02, 'Annual', 'Wales', 'SUV'),
('P00057', 'C0339', 'A187', 'Auto', '2025-03-06', '2026-03-06', 1034.78, 14136.13, 'Quarterly', 'Scotland', 'Hatchback'),
('P00058', 'C0026', 'A175', 'Auto', '2024-12-27', '2025-12-27', 1041.4, 17529.23, 'Annual', 'England', 'SUV'),
('P00059', 'C0285', 'A174', 'Auto', '2023-12-12', '2024-12-11', 1875.6, 10637.28, 'Monthly', 'Northern Ireland', 'SUV'),
('P00060', 'C0340', 'A117', 'Auto', '2024-01-06', '2025-01-05', 1555.01, 22640.73, 'Annual', 'Wales', 'Sedan'),
('P00061', 'C0102', 'A149', 'Auto', '2025-02-25', '2026-02-25', 1026.89, 23664.56, 'Monthly', 'Northern Ireland', 'Sedan'),
('P00062', 'C0117', 'A174', 'Auto', '2023-05-18', '2024-05-17', 1202.86, 27416.89, 'Annual', 'England', 'Truck'),
('P00063', 'C0329', 'A183', 'Auto', '2023-08-07', '2024-08-06', 1121.29, 16403.32, 'Quarterly', 'England', 'SUV'),
('P00064', 'C0388', 'A138', 'Auto', '2025-01-02', '2026-01-02', 811.24, 18750.76, 'Annual', 'Scotland', 'SUV'),
('P00065', 'C0012', 'A132', 'Auto', '2023-04-19', '2024-04-18', 992.68, 24211.21, 'Quarterly', 'Wales', 'Convertible'),
('P00066', 'C0197', 'A141', 'Auto', '2024-11-28', '2025-11-28', 1728.8, 16664.03, 'Quarterly', 'Scotland', 'SUV'),
('P00067', 'C0311', 'A170', 'Auto', '2025-02-02', '2026-02-02', 1210.32, 20459.41, 'Monthly', 'England', 'Convertible'),
('P00068', 'C0272', 'A131', 'Auto', '2023-05-23', '2024-05-22', 1585.87, 20547.2, 'Monthly', 'England', 'Truck'),
('P00069', 'C0184', 'A109', 'Auto', '2024-12-12', '2025-12-12', 1006.44, 10047.91, 'Annual', 'Scotland', 'Hatchback'),
('P00070', 'C0372', 'A121', 'Auto', '2024-11-24', '2025-11-24', 1285.81, 26798.86, 'Monthly', 'England', 'Hatchback'),
('P00071', 'C0254', 'A134', 'Auto', '2024-03-21', '2025-03-21', 1262.6, 26863.71, 'Annual', 'England', 'Hatchback'),
('P00072', 'C0085', 'A151', 'Auto', '2024-07-16', '2025-07-16', 1479.58, 10869.06, 'Annual', 'England', 'Sedan'),
('P00073', 'C0162', 'A140', 'Auto', '2024-05-05', '2025-05-05', 1733.72, 12721.58, 'Annual', 'Wales', 'Convertible'),
('P00074', 'C0172', 'A105', 'Auto', '2024-08-20', '2025-08-20', 830.26, 18997.35, 'Monthly', 'Scotland', 'Hatchback'),
('P00075', 'C0105', 'A122', 'Auto', '2023-04-01', '2024-03-31', 1847.64, 26275.41, 'Annual', 'England', 'Sedan'),
('P00076', 'C0378', 'A128', 'Auto', '2024-12-24', '2025-12-24', 931.89, 21071.27, 'Monthly', 'Wales', 'Convertible'),
('P00077', 'C0201', 'A120', 'Auto', '2023-08-14', '2024-08-13', 1348.71, 22082.52, 'Quarterly', 'Scotland', 'SUV'),
('P00078', 'C0080', 'A188', 'Auto', '2024-04-21', '2025-04-21', 1773.87, 10033.16, 'Quarterly', 'Northern Ireland', 'Truck'),
('P00079', 'C0074', 'A114', 'Auto', '2023-04-11', '2024-04-10', 1544.84, 24593.89, 'Monthly', 'England', 'Convertible'),
('P00080', 'C0189', 'A194', 'Auto', '2024-06-26', '2025-06-26', 1391.44, 18541.61, 'Quarterly', 'Scotland', 'Hatchback'),
('P00081', 'C0089', 'A148', 'Auto', '2024-12-29', '2025-12-29', 803.58, 26085.1, 'Annual', 'England', 'Sedan'),
('P00082', 'C0351', 'A189', 'Auto', '2023-08-27', '2024-08-26', 1918.58, 13519.71, 'Quarterly', 'England', 'SUV'),
('P00083', 'C0084', 'A128', 'Auto', '2024-06-18', '2025-06-18', 882.93, 22264.07, 'Annual', 'England', 'Hatchback'),
('P00084', 'C0368', 'A178', 'Auto', '2024-12-07', '2025-12-07', 910.92, 28617.35, 'Monthly', 'Northern Ireland', 'Sedan'),
('P00085', 'C0078', 'A145', 'Auto', '2024-10-11', '2025-10-11', 1775.44, 21630.47, 'Annual', 'England', 'SUV'),
('P00086', 'C0398', 'A167', 'Auto', '2025-03-13', '2026-03-13', 1356.23, 11282.13, 'Annual', 'Scotland', 'SUV'),
('P00087', 'C0037', 'A181', 'Auto', '2023-04-22', '2024-04-21', 1887.45, 21203.35, 'Annual', 'England', 'SUV'),
('P00088', 'C0007', 'A137', 'Auto', '2023-11-15', '2024-11-14', 1059.1, 15272.9, 'Annual', 'Scotland', 'Hatchback'),
('P00089', 'C0286', 'A142', 'Auto', '2023-11-26', '2024-11-25', 1685.07, 29950.66, 'Monthly', 'Scotland', 'Hatchback'),
('P00090', 'C0158', 'A162', 'Auto', '2023-08-04', '2024-08-03', 1244.33, 25394.05, 'Monthly', 'Northern Ireland', 'Truck'),
('P00091', 'C0133', 'A148', 'Auto', '2024-09-20', '2025-09-20', 892.78, 29686.67, 'Quarterly', 'Northern Ireland', 'Hatchback'),
('P00092', 'C0005', 'A144', 'Auto', '2023-07-13', '2024-07-12', 1985.94, 20440.23, 'Monthly', 'Scotland', 'Truck'),
('P00093', 'C0161', 'A183', 'Auto', '2025-01-31', '2026-01-31', 1093.99, 29726.91, 'Monthly', 'England', 'Truck'),
('P00094', 'C0054', 'A103', 'Auto', '2023-05-14', '2024-05-13', 1847.71, 17648.21, 'Annual', 'Northern Ireland', 'Sedan'),
('P00095', 'C0035', 'A185', 'Auto', '2023-12-04', '2024-12-03', 1073.51, 24677.59, 'Annual', 'Wales', 'SUV'),
('P00096', 'C0181', 'A194', 'Auto', '2024-12-24', '2025-12-24', 1379.45, 26635.01, 'Quarterly', 'Scotland', 'Truck'),
('P00097', 'C0354', 'A167', 'Auto', '2024-05-30', '2025-05-30', 1675.57, 16357.3, 'Quarterly', 'England', 'Sedan'),
('P00098', 'C0349', 'A136', 'Auto', '2024-03-31', '2025-03-31', 1258.7, 14144.43, 'Monthly', 'Scotland', 'Convertible'),
('P00099', 'C0013', 'A113', 'Auto', '2023-06-07', '2024-06-06', 1809.96, 25054.78, 'Monthly', 'England', 'SUV'),
('P00100', 'C0269', 'A116', 'Auto', '2024-10-27', '2025-10-27', 1276.62, 26135.73, 'Monthly', 'Scotland', 'Sedan'),
('P00101', 'C0106', 'A132', 'Auto', '2024-12-01', '2025-12-01', 1200.26, 20456.05, 'Monthly', 'Scotland', 'Hatchback'),
('P00102', 'C0126', 'A199', 'Auto', '2023-06-19', '2024-06-18', 1173.61, 17123.1, 'Monthly', 'Northern Ireland', 'Sedan'),
('P00103', 'C0003', 'A177', 'Auto', '2024-12-11', '2025-12-11', 1040.32, 28735.53, 'Quarterly', 'England', 'Truck'),
('P00104', 'C0181', 'A123', 'Auto', '2023-04-11', '2024-04-10', 1006.95, 22246.15, 'Monthly', 'England', 'Hatchback'),
('P00105', 'C0033', 'A177', 'Auto', '2023-08-12', '2024-08-11', 1411.7, 28729.39, 'Monthly', 'Scotland', 'SUV'),
('P00106', 'C0377', 'A138', 'Auto', '2024-09-14', '2025-09-14', 972.62, 24146.8, 'Annual', 'Wales', 'Hatchback'),
('P00107', 'C0139', 'A194', 'Auto', '2024-08-21', '2025-08-21', 1157.78, 27829.67, 'Annual', 'Wales', 'Truck'),
('P00108', 'C0098', 'A100', 'Auto', '2023-11-12', '2024-11-11', 1547.74, 28471.16, 'Monthly', 'Wales', 'Convertible'),
('P00109', 'C0146', 'A151', 'Auto', '2023-08-13', '2024-08-12', 1229.8, 24407.34, 'Quarterly', 'Northern Ireland', 'Sedan'),
('P00110', 'C0320', 'A170', 'Auto', '2025-01-07', '2026-01-07', 1604.01, 22882.88, 'Monthly', 'Scotland', 'Truck'),
('P00111', 'C0096', 'A158', 'Auto', '2023-05-28', '2024-05-27', 840.05, 21140.17, 'Monthly', 'Scotland', 'Truck'),
('P00112', 'C0121', 'A184', 'Auto', '2024-05-30', '2025-05-30', 1899.95, 11493.52, 'Annual', 'Northern Ireland', 'SUV'),
('P00113', 'C0151', 'A194', 'Auto', '2023-08-09', '2024-08-08', 1601.93, 17888.18, 'Monthly', 'Wales', 'Convertible'),
('P00114', 'C0106', 'A164', 'Auto', '2024-07-14', '2025-07-14', 1087.33, 24290.27, 'Annual', 'Scotland', 'Truck'),
('P00115', 'C0267', 'A156', 'Auto', '2024-10-12', '2025-10-12', 1506.32, 26707.09, 'Monthly', 'England', 'Hatchback'),
('P00116', 'C0092', 'A142', 'Auto', '2024-06-24', '2025-06-24', 1486.99, 20502.15, 'Quarterly', 'Scotland', 'Sedan'),
('P00117', 'C0106', 'A160', 'Auto', '2023-04-13', '2024-04-12', 1904.24, 23828.5, 'Annual', 'Wales', 'Sedan'),
('P00118', 'C0238', 'A102', 'Auto', '2023-10-20', '2024-10-19', 1789.57, 28662.11, 'Monthly', 'Wales', 'Sedan'),
('P00119', 'C0291', 'A129', 'Auto', '2023-04-08', '2024-04-07', 1369.37, 17622.05, 'Quarterly', 'England', 'Convertible'),
('P00120', 'C0100', 'A121', 'Auto', '2023-08-02', '2024-08-01', 1017.56, 23718.86, 'Quarterly', 'Scotland', 'SUV'),
('P00121', 'C0242', 'A141', 'Auto', '2024-10-24', '2025-10-24', 1554.3, 26444.26, 'Annual', 'England', 'SUV'),
('P00122', 'C0366', 'A103', 'Auto', '2023-12-02', '2024-12-01', 1794.66, 25431.18, 'Monthly', 'England', 'SUV'),
('P00123', 'C0138', 'A184', 'Auto', '2024-06-28', '2025-06-28', 1244.9, 29318.47, 'Annual', 'Wales', 'Truck'),
('P00124', 'C0009', 'A106', 'Auto', '2024-11-05', '2025-11-05', 1693.65, 26553.39, 'Monthly', 'Wales', 'Hatchback'),
('P00125', 'C0214', 'A107', 'Auto', '2023-11-15', '2024-11-14', 802.81, 15078.7, 'Annual', 'England', 'Hatchback'),
('P00126', 'C0251', 'A113', 'Auto', '2025-03-17', '2026-03-17', 1521.37, 10400.28, 'Annual', 'Wales', 'Sedan'),
('P00127', 'C0053', 'A129', 'Auto', '2024-09-16', '2025-09-16', 1089.93, 23894.26, 'Monthly', 'Wales', 'SUV'),
('P00128', 'C0035', 'A185', 'Auto', '2024-04-11', '2025-04-11', 814.41, 10504.65, 'Monthly', 'Wales', 'SUV'),
('P00129', 'C0250', 'A110', 'Auto', '2023-10-10', '2024-10-09', 1007.17, 15930.03, 'Monthly', 'Northern Ireland', 'Hatchback'),
('P00130', 'C0016', 'A138', 'Auto', '2024-09-22', '2025-09-22', 1651.13, 15425.96, 'Monthly', 'Wales', 'SUV'),
('P00131', 'C0194', 'A110', 'Auto', '2025-01-21', '2026-01-21', 1184.75, 17707.15, 'Monthly', 'Northern Ireland', 'Convertible'),
('P00132', 'C0118', 'A103', 'Auto', '2023-06-03', '2024-06-02', 1777.71, 23736.74, 'Quarterly', 'Wales', 'Convertible'),
('P00133', 'C0156', 'A165', 'Auto', '2023-06-21', '2024-06-20', 1655.89, 29939.23, 'Quarterly', 'England', 'SUV'),
('P00134', 'C0294', 'A107', 'Auto', '2024-06-21', '2025-06-21', 1339.86, 11054.55, 'Quarterly', 'England', 'Sedan'),
('P00135', 'C0235', 'A127', 'Auto', '2023-08-12', '2024-08-11', 1780.65, 20708.29, 'Quarterly', 'England', 'SUV'),
('P00136', 'C0391', 'A180', 'Auto', '2024-10-12', '2025-10-12', 877.48, 26414.57, 'Annual', 'England', 'Sedan'),
('P00137', 'C0362', 'A123', 'Auto', '2023-10-11', '2024-10-10', 1784.38, 14952.01, 'Monthly', 'Northern Ireland', 'SUV'),
('P00138', 'C0113', 'A175', 'Auto', '2024-04-01', '2025-04-01', 1934.06, 21623.55, 'Monthly', 'Northern Ireland', 'SUV'),
('P00139', 'C0323', 'A115', 'Auto', '2023-10-11', '2024-10-10', 1417.16, 15452.64, 'Annual', 'Scotland', 'Truck'),
('P00140', 'C0271', 'A187', 'Auto', '2024-03-10', '2025-03-10', 1203.11, 15033.46, 'Monthly', 'Wales', 'Truck'),
('P00141', 'C0064', 'A144', 'Auto', '2023-11-29', '2024-11-28', 982.35, 21435.58, 'Quarterly', 'Wales', 'Hatchback'),
('P00142', 'C0035', 'A185', 'Auto', '2024-11-16', '2025-11-16', 1622.01, 29599.37, 'Quarterly', 'Wales', 'Sedan'),
('P00143', 'C0325', 'A187', 'Auto', '2023-04-04', '2024-04-03', 1956.07, 17716.41, 'Monthly', 'Wales', 'Sedan'),
('P00144', 'C0398', 'A196', 'Auto', '2024-02-14', '2025-02-13', 1370.42, 23547.13, 'Monthly', 'Wales', 'Truck'),
('P00145', 'C0172', 'A130', 'Auto', '2023-10-10', '2024-10-09', 1543.71, 18995.56, 'Annual', 'Northern Ireland', 'SUV'),
('P00146', 'C0090', 'A100', 'Auto', '2023-07-21', '2024-07-20', 946.26, 23286.84, 'Quarterly', 'Scotland', 'Convertible'),
('P00147', 'C0268', 'A184', 'Auto', '2025-02-01', '2026-02-01', 1635.4, 14793.98, 'Monthly', 'England', 'Sedan'),
('P00148', 'C0161', 'A193', 'Auto', '2024-12-27', '2025-12-27', 1574.46, 13533.82, 'Quarterly', 'Northern Ireland', 'Hatchback'),
('P00149', 'C0004', 'A126', 'Auto', '2024-06-19', '2025-06-19', 1916.85, 24310.85, 'Quarterly', 'Wales', 'Sedan'),
('P00150', 'C0219', 'A100', 'Auto', '2024-12-20', '2025-12-20', 1986.35, 21732.63, 'Annual', 'England', 'Hatchback'),
('P00151', 'C0169', 'A137', 'Auto', '2023-08-07', '2024-08-06', 1723.91, 12128.29, 'Quarterly', 'Wales', 'Truck'),
('P00152', 'C0131', 'A149', 'Auto', '2023-04-13', '2024-04-12', 1755.76, 12202.16, 'Annual', 'England', 'Truck'),
('P00153', 'C0136', 'A152', 'Auto', '2024-02-06', '2025-02-05', 1330.85, 18237.17, 'Annual', 'Northern Ireland', 'SUV'),
('P00154', 'C0395', 'A198', 'Auto', '2023-12-26', '2024-12-25', 1088.21, 21955.05, 'Annual', 'Scotland', 'Convertible'),
('P00155', 'C0134', 'A161', 'Auto', '2024-03-27', '2025-03-27', 1805.45, 14217.0, 'Monthly', 'England', 'Sedan'),
('P00156', 'C0167', 'A179', 'Auto', '2023-12-24', '2024-12-23', 1203.4, 21025.89, 'Quarterly', 'Northern Ireland', 'SUV'),
('P00157', 'C0080', 'A128', 'Auto', '2023-05-09', '2024-05-08', 1398.61, 26159.39, 'Monthly', 'England', 'Sedan'),
('P00158', 'C0214', 'A161', 'Auto', '2023-11-11', '2024-11-10', 882.56, 21105.58, 'Monthly', 'Northern Ireland', 'Hatchback'),
('P00159', 'C0122', 'A184', 'Auto', '2024-08-22', '2025-08-22', 921.18, 26723.43, 'Annual', 'England', 'Convertible'),
('P00160', 'C0119', 'A108', 'Auto', '2023-12-17', '2024-12-16', 1387.55, 27423.73, 'Quarterly', 'Northern Ireland', 'Convertible'),
('P00161', 'C0023', 'A112', 'Auto', '2023-12-03', '2024-12-02', 1109.24, 25171.11, 'Monthly', 'Wales', 'Sedan'),
('P00162', 'C0223', 'A140', 'Auto', '2024-04-07', '2025-04-07', 846.43, 15799.55, 'Quarterly', 'England', 'Truck'),
('P00163', 'C0061', 'A118', 'Auto', '2024-11-20', '2025-11-20', 1533.47, 12386.56, 'Monthly', 'Northern Ireland', 'Hatchback'),
('P00164', 'C0367', 'A116', 'Auto', '2023-06-17', '2024-06-16', 1519.96, 10977.26, 'Quarterly', 'Scotland', 'SUV'),
('P00165', 'C0230', 'A184', 'Auto', '2023-07-26', '2024-07-25', 1486.98, 29970.73, 'Annual', 'Wales', 'Sedan'),
('P00166', 'C0180', 'A173', 'Auto', '2023-06-10', '2024-06-09', 1844.04, 24807.65, 'Quarterly', 'Wales', 'SUV'),
('P00167', 'C0230', 'A188', 'Auto', '2024-04-16', '2025-04-16', 1066.18, 25947.49, 'Monthly', 'Scotland', 'Hatchback'),
('P00168', 'C0339', 'A140', 'Auto', '2025-03-22', '2026-03-22', 1111.61, 10979.07, 'Quarterly', 'Scotland', 'Truck'),
('P00169', 'C0053', 'A129', 'Auto', '2023-09-23', '2024-09-22', 1255.55, 24647.54, 'Annual', 'Wales', 'Hatchback'),
('P00170', 'C0240', 'A181', 'Auto', '2025-03-25', '2026-03-25', 1757.07, 26309.93, 'Annual', 'Northern Ireland', 'Sedan'),
('P00171', 'C0360', 'A150', 'Auto', '2023-04-19', '2024-04-18', 1575.91, 29974.81, 'Monthly', 'Wales', 'Hatchback'),
('P00172', 'C0360', 'A119', 'Auto', '2023-05-02', '2024-05-01', 1488.92, 17238.97, 'Quarterly', 'Scotland', 'Truck'),
('P00173', 'C0246', 'A131', 'Auto', '2024-04-30', '2025-04-30', 1441.98, 26312.76, 'Annual', 'Wales', 'Hatchback'),
('P00174', 'C0372', 'A168', 'Auto', '2024-06-02', '2025-06-02', 1636.18, 24678.7, 'Annual', 'England', 'Sedan'),
('P00175', 'C0235', 'A197', 'Auto', '2023-04-02', '2024-04-01', 1769.82, 14759.19, 'Annual', 'Scotland', 'Sedan'),
('P00176', 'C0158', 'A194', 'Auto', '2023-08-27', '2024-08-26', 1105.38, 24025.23, 'Annual', 'Wales', 'Sedan'),
('P00177', 'C0238', 'A191', 'Auto', '2023-05-15', '2024-05-14', 1233.86, 28796.56, 'Monthly', 'Wales', 'SUV'),
('P00178', 'C0161', 'A132', 'Auto', '2024-12-08', '2025-12-08', 1547.5, 22824.14, 'Monthly', 'Scotland', 'Sedan'),
('P00179', 'C0044', 'A108', 'Auto', '2025-03-05', '2026-03-05', 906.45, 18604.49, 'Quarterly', 'England', 'SUV'),
('P00180', 'C0075', 'A178', 'Auto', '2024-02-26', '2025-02-25', 1675.39, 13418.18, 'Monthly', 'England', 'Convertible'),
('P00181', 'C0019', 'A156', 'Auto', '2024-08-27', '2025-08-27', 1079.18, 26934.46, 'Quarterly', 'Scotland', 'SUV'),
('P00182', 'C0383', 'A191', 'Auto', '2024-09-20', '2025-09-20', 1493.35, 12955.43, 'Quarterly', 'England', 'Hatchback'),
('P00183', 'C0163', 'A180', 'Auto', '2023-07-23', '2024-07-22', 1818.48, 12978.57, 'Quarterly', 'Scotland', 'Hatchback'),
('P00184', 'C0089', 'A199', 'Auto', '2024-04-22', '2025-04-22', 1910.67, 13817.62, 'Monthly', 'Wales', 'Hatchback'),
('P00185', 'C0030', 'A159', 'Auto', '2024-02-06', '2025-02-05', 1568.46, 29097.51, 'Annual', 'Northern Ireland', 'SUV'),
('P00186', 'C0241', 'A177', 'Auto', '2023-07-16', '2024-07-15', 1087.19, 23615.9, 'Annual', 'England', 'Hatchback'),
('P00187', 'C0278', 'A138', 'Auto', '2023-10-19', '2024-10-18', 1103.27, 22641.78, 'Annual', 'England', 'Truck'),
('P00188', 'C0371', 'A176', 'Auto', '2023-07-02', '2024-07-01', 1456.89, 24878.11, 'Annual', 'Wales', 'Sedan'),
('P00189', 'C0191', 'A132', 'Auto', '2023-09-27', '2024-09-26', 1466.55, 12244.35, 'Monthly', 'Scotland', 'Truck'),
('P00190', 'C0137', 'A139', 'Auto', '2023-10-04', '2024-10-03', 1412.74, 15789.1, 'Monthly', 'Northern Ireland', 'Hatchback'),
('P00191', 'C0245', 'A106', 'Auto', '2024-03-29', '2025-03-29', 1172.47, 20028.4, 'Quarterly', 'Wales', 'Hatchback'),
('P00192', 'C0261', 'A119', 'Auto', '2024-09-20', '2025-09-20', 1182.62, 22356.22, 'Quarterly', 'Wales', 'Convertible'),
('P00193', 'C0241', 'A122', 'Auto', '2023-05-19', '2024-05-18', 1914.59, 17956.05, 'Quarterly', 'England', 'Sedan'),
('P00194', 'C0224', 'A169', 'Auto', '2024-11-02', '2025-11-02', 1231.17, 14797.07, 'Monthly', 'Wales', 'Sedan'),
('P00195', 'C0389', 'A173', 'Auto', '2024-12-23', '2025-12-23', 1680.47, 27460.0, 'Monthly', 'Scotland', 'SUV'),
('P00196', 'C0196', 'A145', 'Auto', '2023-10-04', '2024-10-03', 1010.66, 28470.72, 'Annual', 'Northern Ireland', 'Hatchback'),
('P00197', 'C0104', 'A196', 'Auto', '2025-03-18', '2026-03-18', 1963.98, 17584.74, 'Quarterly', 'England', 'Sedan'),
('P00198', 'C0365', 'A199', 'Auto', '2025-03-21', '2026-03-21', 1603.58, 15025.82, 'Monthly', 'England', 'Hatchback'),
('P00199', 'C0383', 'A121', 'Auto', '2024-08-10', '2025-08-10', 1431.55, 21496.11, 'Quarterly', 'Wales', 'Convertible'),
('P00200', 'C0053', 'A109', 'Auto', '2025-01-26', '2026-01-26', 1588.09, 12653.14, 'Quarterly', 'England', 'Hatchback'),
('P00201', 'C0260', 'A173', 'Auto', '2024-10-06', '2025-10-06', 1426.57, 18356.82, 'Annual', 'Northern Ireland', 'SUV'),
('P00202', 'C0258', 'A121', 'Auto', '2023-07-08', '2024-07-07', 1345.19, 10977.96, 'Annual', 'Northern Ireland', 'Hatchback'),
('P00203', 'C0078', 'A135', 'Auto', '2024-01-20', '2025-01-19', 1464.21, 16556.79, 'Monthly', 'Northern Ireland', 'Convertible'),
('P00204', 'C0183', 'A127', 'Auto', '2024-11-03', '2025-11-03', 881.74, 28742.84, 'Quarterly', 'Scotland', 'Convertible'),
('P00205', 'C0006', 'A118', 'Auto', '2023-06-16', '2024-06-15', 1323.1, 17311.76, 'Quarterly', 'Northern Ireland', 'Hatchback'),
('P00206', 'C0217', 'A110', 'Auto', '2024-12-12', '2025-12-12', 1913.88, 14474.07, 'Annual', 'Northern Ireland', 'Convertible'),
('P00207', 'C0307', 'A102', 'Auto', '2024-01-04', '2025-01-03', 1123.61, 18899.63, 'Annual', 'England', 'Hatchback'),
('P00208', 'C0142', 'A192', 'Auto', '2024-05-13', '2025-05-13', 1463.1, 25993.27, 'Monthly', 'Northern Ireland', 'Convertible'),
('P00209', 'C0059', 'A170', 'Auto', '2023-04-22', '2024-04-21', 1846.42, 27554.39, 'Quarterly', 'England', 'Convertible'),
('P00210', 'C0074', 'A116', 'Auto', '2024-10-31', '2025-10-31', 1409.42, 23718.04, 'Monthly', 'Northern Ireland', 'Truck'),
('P00211', 'C0019', 'A153', 'Auto', '2025-02-22', '2026-02-22', 1622.35, 15896.36, 'Annual', 'England', 'Truck'),
('P00212', 'C0238', 'A107', 'Auto', '2023-06-19', '2024-06-18', 1485.04, 25248.06, 'Monthly', 'Northern Ireland', 'Truck'),
('P00213', 'C0036', 'A142', 'Auto', '2024-06-05', '2025-06-05', 1110.91, 20908.12, 'Quarterly', 'Northern Ireland', 'Sedan'),
('P00214', 'C0337', 'A159', 'Auto', '2023-11-20', '2024-11-19', 1334.75, 21389.18, 'Quarterly', 'Wales', 'Sedan'),
('P00215', 'C0344', 'A151', 'Auto', '2023-06-09', '2024-06-08', 1651.72, 24273.13, 'Annual', 'England', 'Sedan'),
('P00216', 'C0369', 'A195', 'Auto', '2024-04-04', '2025-04-04', 1337.35, 19671.91, 'Quarterly', 'England', 'Hatchback'),
('P00217', 'C0316', 'A133', 'Auto', '2023-09-04', '2024-09-03', 1544.42, 23767.78, 'Quarterly', 'Northern Ireland', 'Convertible'),
('P00218', 'C0361', 'A111', 'Auto', '2023-10-30', '2024-10-29', 1862.49, 18011.83, 'Quarterly', 'Wales', 'Sedan'),
('P00219', 'C0227', 'A191', 'Auto', '2025-02-12', '2026-02-12', 1076.14, 19137.29, 'Quarterly', 'Wales', 'Truck'),
('P00220', 'C0248', 'A131', 'Auto', '2023-11-06', '2024-11-05', 1343.95, 28845.59, 'Annual', 'Northern Ireland', 'Hatchback'),
('P00221', 'C0258', 'A139', 'Auto', '2025-01-17', '2026-01-17', 1809.44, 27526.17, 'Quarterly', 'Scotland', 'Convertible'),
('P00222', 'C0128', 'A132', 'Auto', '2023-10-01', '2024-09-30', 1935.58, 13648.0, 'Monthly', 'Wales', 'Convertible'),
('P00223', 'C0024', 'A169', 'Auto', '2023-06-06', '2024-06-05', 1579.15, 16082.04, 'Quarterly', 'Northern Ireland', 'SUV'),
('P00224', 'C0059', 'A109', 'Auto', '2024-02-16', '2025-02-15', 1447.24, 29523.62, 'Annual', 'Northern Ireland', 'Truck'),
('P00225', 'C0241', 'A128', 'Auto', '2024-04-25', '2025-04-25', 831.57, 25878.92, 'Monthly', 'Scotland', 'Convertible'),
('P00226', 'C0093', 'A185', 'Auto', '2024-05-05', '2025-05-05', 1444.29, 14224.04, 'Quarterly', 'Northern Ireland', 'Sedan'),
('P00227', 'C0380', 'A126', 'Auto', '2023-06-01', '2024-05-31', 1023.67, 17530.91, 'Monthly', 'Scotland', 'Convertible'),
('P00228', 'C0064', 'A185', 'Auto', '2024-02-18', '2025-02-17', 851.89, 14823.58, 'Annual', 'Wales', 'Hatchback'),
('P00229', 'C0268', 'A121', 'Auto', '2023-05-11', '2024-05-10', 1774.48, 10829.35, 'Monthly', 'Scotland', 'SUV'),
('P00230', 'C0112', 'A107', 'Auto', '2023-05-10', '2024-05-09', 1728.81, 18482.39, 'Monthly', 'Scotland', 'Convertible'),
('P00231', 'C0370', 'A176', 'Auto', '2024-09-09', '2025-09-09', 1501.43, 16767.39, 'Quarterly', 'Scotland', 'Truck'),
('P00232', 'C0004', 'A132', 'Auto', '2025-03-22', '2026-03-22', 1522.28, 20719.59, 'Monthly', 'England', 'SUV'),
('P00233', 'C0316', 'A102', 'Auto', '2024-04-23', '2025-04-23', 914.79, 18778.19, 'Annual', 'Wales', 'Hatchback'),
('P00234', 'C0189', 'A148', 'Auto', '2025-01-01', '2026-01-01', 1995.03, 10086.29, 'Quarterly', 'England', 'Hatchback'),
('P00235', 'C0033', 'A168', 'Auto', '2024-05-27', '2025-05-27', 1905.74, 11701.6, 'Monthly', 'Scotland', 'Hatchback'),
('P00236', 'C0190', 'A108', 'Auto', '2024-08-24', '2025-08-24', 1046.63, 23771.01, 'Monthly', 'Scotland', 'Convertible'),
('P00237', 'C0020', 'A105', 'Auto', '2025-01-27', '2026-01-27', 1960.05, 21849.51, 'Monthly', 'Wales', 'Truck'),
('P00238', 'C0160', 'A129', 'Auto', '2023-07-10', '2024-07-09', 976.63, 16396.57, 'Annual', 'Northern Ireland', 'SUV'),
('P00239', 'C0120', 'A165', 'Auto', '2025-03-12', '2026-03-12', 824.51, 10684.48, 'Annual', 'Northern Ireland', 'Sedan'),
('P00240', 'C0376', 'A147', 'Auto', '2024-09-25', '2025-09-25', 1909.1, 10429.51, 'Monthly', 'Wales', 'Truck'),
('P00241', 'C0400', 'A175', 'Auto', '2023-11-20', '2024-11-19', 1223.2, 23291.52, 'Annual', 'England', 'Hatchback'),
('P00242', 'C0141', 'A183', 'Auto', '2025-02-04', '2026-02-04', 1407.91, 21471.22, 'Monthly', 'Northern Ireland', 'SUV'),
('P00243', 'C0229', 'A193', 'Auto', '2023-08-09', '2024-08-08', 824.59, 27140.95, 'Monthly', 'Northern Ireland', 'SUV'),
('P00244', 'C0350', 'A142', 'Auto', '2023-06-08', '2024-06-07', 1905.57, 27782.59, 'Annual', 'Northern Ireland', 'Convertible'),
('P00245', 'C0208', 'A156', 'Auto', '2023-06-21', '2024-06-20', 1312.91, 17222.75, 'Quarterly', 'England', 'SUV'),
('P00246', 'C0137', 'A118', 'Auto', '2023-06-25', '2024-06-24', 1520.68, 12041.69, 'Annual', 'England', 'SUV'),
('P00247', 'C0076', 'A152', 'Auto', '2024-11-20', '2025-11-20', 1043.47, 26204.47, 'Monthly', 'Scotland', 'Sedan'),
('P00248', 'C0307', 'A152', 'Auto', '2023-07-28', '2024-07-27', 1778.56, 25960.78, 'Monthly', 'Northern Ireland', 'Truck'),
('P00249', 'C0344', 'A176', 'Auto', '2023-12-22', '2024-12-21', 1122.24, 27918.63, 'Annual', 'Wales', 'Truck'),
('P00250', 'C0094', 'A143', 'Auto', '2024-07-04', '2025-07-04', 1226.36, 17780.92, 'Annual', 'Wales', 'Hatchback'),
('P00251', 'C0089', 'A161', 'Auto', '2024-12-11', '2025-12-11', 1667.82, 11629.87, 'Annual', 'Scotland', 'Truck'),
('P00252', 'C0126', 'A126', 'Auto', '2024-03-01', '2025-03-01', 1175.37, 17781.45, 'Annual', 'Wales', 'Convertible'),
('P00253', 'C0227', 'A161', 'Auto', '2024-12-19', '2025-12-19', 1638.27, 22492.45, 'Monthly', 'Northern Ireland', 'Sedan'),
('P00254', 'C0188', 'A143', 'Auto', '2024-01-06', '2025-01-05', 1140.65, 14702.3, 'Annual', 'Scotland', 'SUV'),
('P00255', 'C0328', 'A123', 'Auto', '2024-03-07', '2025-03-07', 1997.48, 25298.92, 'Annual', 'Scotland', 'SUV'),
('P00256', 'C0010', 'A115', 'Auto', '2023-07-22', '2024-07-21', 892.75, 27272.06, 'Monthly', 'Scotland', 'Sedan'),
('P00257', 'C0199', 'A170', 'Auto', '2023-03-27', '2024-03-26', 1642.52, 15847.1, 'Monthly', 'Northern Ireland', 'Convertible'),
('P00258', 'C0349', 'A125', 'Auto', '2023-03-27', '2024-03-26', 1048.13, 28825.14, 'Monthly', 'Wales', 'Hatchback'),
('P00259', 'C0097', 'A108', 'Auto', '2025-02-16', '2026-02-16', 1830.05, 25711.31, 'Quarterly', 'Scotland', 'SUV'),
('P00260', 'C0288', 'A140', 'Auto', '2023-09-17', '2024-09-16', 1752.95, 19551.56, 'Quarterly', 'Wales', 'Convertible'),
('P00261', 'C0350', 'A154', 'Auto', '2024-12-19', '2025-12-19', 809.04, 19073.13, 'Quarterly', 'Scotland', 'SUV'),
('P00262', 'C0250', 'A128', 'Auto', '2024-07-23', '2025-07-23', 1978.52, 19628.28, 'Annual', 'Wales', 'Convertible'),
('P00263', 'C0017', 'A120', 'Auto', '2024-01-22', '2025-01-21', 1196.38, 13254.57, 'Annual', 'Scotland', 'Hatchback'),
('P00264', 'C0231', 'A150', 'Auto', '2024-09-18', '2025-09-18', 958.37, 21149.58, 'Monthly', 'England', 'SUV'),
('P00265', 'C0304', 'A145', 'Auto', '2024-01-12', '2025-01-11', 871.83, 19294.77, 'Annual', 'Scotland', 'Hatchback'),
('P00266', 'C0350', 'A178', 'Auto', '2024-03-20', '2025-03-20', 1621.39, 19511.49, 'Quarterly', 'Scotland', 'Convertible'),
('P00267', 'C0396', 'A186', 'Auto', '2024-11-12', '2025-11-12', 1501.6, 24663.8, 'Annual', 'Northern Ireland', 'Convertible'),
('P00268', 'C0113', 'A154', 'Auto', '2023-09-28', '2024-09-27', 1617.54, 19011.9, 'Monthly', 'England', 'Sedan'),
('P00269', 'C0288', 'A163', 'Auto', '2024-04-03', '2025-04-03', 1534.56, 25761.38, 'Monthly', 'Wales', 'Hatchback'),
('P00270', 'C0253', 'A121', 'Auto', '2025-01-22', '2026-01-22', 1564.1, 16396.76, 'Quarterly', 'Scotland', 'Sedan'),
('P00271', 'C0281', 'A198', 'Auto', '2023-09-15', '2024-09-14', 1166.13, 10134.23, 'Monthly', 'England', 'Truck'),
('P00272', 'C0157', 'A116', 'Auto', '2024-12-23', '2025-12-23', 834.3, 22498.14, 'Monthly', 'England', 'Hatchback'),
('P00273', 'C0311', 'A167', 'Auto', '2024-01-30', '2025-01-29', 1685.37, 10264.24, 'Quarterly', 'England', 'Truck'),
('P00274', 'C0146', 'A142', 'Auto', '2024-07-03', '2025-07-03', 1058.74, 15449.28, 'Monthly', 'Northern Ireland', 'Truck'),
('P00275', 'C0325', 'A106', 'Auto', '2025-01-23', '2026-01-23', 1840.69, 26937.5, 'Quarterly', 'Northern Ireland', 'Sedan'),
('P00276', 'C0078', 'A194', 'Auto', '2023-05-09', '2024-05-08', 1229.9, 28789.26, 'Monthly', 'Wales', 'Sedan'),
('P00277', 'C0306', 'A129', 'Auto', '2024-01-24', '2025-01-23', 1216.44, 24972.41, 'Monthly', 'Scotland', 'SUV'),
('P00278', 'C0014', 'A120', 'Auto', '2023-05-24', '2024-05-23', 1160.43, 19921.98, 'Monthly', 'Wales', 'Truck'),
('P00279', 'C0058', 'A121', 'Auto', '2024-08-20', '2025-08-20', 1225.06, 10772.35, 'Monthly', 'England', 'Convertible'),
('P00280', 'C0056', 'A198', 'Auto', '2024-11-03', '2025-11-03', 1222.79, 29560.87, 'Quarterly', 'Scotland', 'Convertible'),
('P00281', 'C0229', 'A151', 'Auto', '2024-01-10', '2025-01-09', 1234.83, 26124.95, 'Monthly', 'Wales', 'SUV'),
('P00282', 'C0279', 'A182', 'Auto', '2024-09-25', '2025-09-25', 1525.11, 21110.07, 'Quarterly', 'Northern Ireland', 'Convertible'),
('P00283', 'C0303', 'A181', 'Auto', '2023-08-12', '2024-08-11', 1909.49, 28899.17, 'Annual', 'Northern Ireland', 'Hatchback'),
('P00284', 'C0143', 'A133', 'Auto', '2024-10-13', '2025-10-13', 815.32, 27894.57, 'Annual', 'Northern Ireland', 'Sedan'),
('P00285', 'C0222', 'A125', 'Auto', '2023-07-15', '2024-07-14', 1095.02, 18841.26, 'Annual', 'Northern Ireland', 'Hatchback'),
('P00286', 'C0047', 'A167', 'Auto', '2024-03-19', '2025-03-19', 1587.9, 22306.6, 'Quarterly', 'Northern Ireland', 'SUV'),
('P00287', 'C0099', 'A151', 'Auto', '2023-04-26', '2024-04-25', 1415.47, 16636.18, 'Quarterly', 'Scotland', 'Truck'),
('P00288', 'C0225', 'A198', 'Auto', '2023-09-13', '2024-09-12', 1427.11, 25500.9, 'Annual', 'England', 'Truck'),
('P00289', 'C0127', 'A174', 'Auto', '2024-11-29', '2025-11-29', 928.83, 20199.87, 'Monthly', 'Wales', 'Sedan'),
('P00290', 'C0126', 'A105', 'Auto', '2023-12-06', '2024-12-05', 1839.76, 19752.25, 'Quarterly', 'Scotland', 'Convertible'),
('P00291', 'C0105', 'A124', 'Auto', '2024-03-06', '2025-03-06', 1060.23, 12597.21, 'Quarterly', 'Scotland', 'SUV'),
('P00292', 'C0132', 'A137', 'Auto', '2023-06-21', '2024-06-20', 1798.61, 21908.83, 'Quarterly', 'Wales', 'Sedan'),
('P00293', 'C0367', 'A147', 'Auto', '2024-05-07', '2025-05-07', 1143.72, 28787.97, 'Quarterly', 'Wales', 'Truck'),
('P00294', 'C0078', 'A143', 'Auto', '2024-11-05', '2025-11-05', 1257.02, 19855.64, 'Monthly', 'Wales', 'Hatchback'),
('P00295', 'C0165', 'A156', 'Auto', '2023-08-13', '2024-08-12', 1907.73, 20674.1, 'Annual', 'England', 'SUV'),
('P00296', 'C0209', 'A101', 'Auto', '2023-06-13', '2024-06-12', 1945.39, 22151.5, 'Monthly', 'England', 'Sedan'),
('P00297', 'C0066', 'A119', 'Auto', '2023-06-29', '2024-06-28', 1557.46, 10958.02, 'Annual', 'Scotland', 'Truck'),
('P00298', 'C0026', 'A145', 'Auto', '2023-05-20', '2024-05-19', 1717.34, 17851.03, 'Monthly', 'England', 'Sedan'),
('P00299', 'C0293', 'A195', 'Auto', '2024-05-27', '2025-05-27', 971.74, 17666.92, 'Monthly', 'Northern Ireland', 'Hatchback'),
('P00300', 'C0233', 'A151', 'Auto', '2023-12-12', '2024-12-11', 953.1, 20632.11, 'Annual', 'Wales', 'Hatchback'),
('P00301', 'C0284', 'A159', 'Auto', '2023-05-10', '2024-05-09', 1070.06, 13886.92, 'Annual', 'Northern Ireland', 'SUV'),
('P00302', 'C0126', 'A165', 'Auto', '2024-10-04', '2025-10-04', 1707.29, 25619.39, 'Annual', 'Scotland', 'SUV'),
('P00303', 'C0271', 'A140', 'Auto', '2024-05-14', '2025-05-14', 1081.69, 15090.12, 'Quarterly', 'Northern Ireland', 'Hatchback'),
('P00304', 'C0051', 'A144', 'Auto', '2024-11-01', '2025-11-01', 1841.55, 15186.2, 'Quarterly', 'Scotland', 'Truck'),
('P00305', 'C0103', 'A154', 'Auto', '2024-03-22', '2025-03-22', 1176.41, 27891.67, 'Annual', 'England', 'Sedan'),
('P00306', 'C0133', 'A187', 'Auto', '2024-05-26', '2025-05-26', 1691.01, 19117.87, 'Monthly', 'Wales', 'Hatchback'),
('P00307', 'C0103', 'A141', 'Auto', '2025-02-28', '2026-02-28', 1755.02, 14423.24, 'Annual', 'Wales', 'Hatchback'),
('P00308', 'C0200', 'A187', 'Auto', '2024-03-15', '2025-03-15', 1956.71, 29068.02, 'Annual', 'Wales', 'SUV'),
('P00309', 'C0241', 'A149', 'Auto', '2023-12-03', '2024-12-02', 928.64, 29974.06, 'Annual', 'England', 'Hatchback'),
('P00310', 'C0392', 'A198', 'Auto', '2024-11-06', '2025-11-06', 1103.74, 12557.07, 'Annual', 'Scotland', 'Hatchback'),
('P00311', 'C0384', 'A197', 'Auto', '2023-06-22', '2024-06-21', 1016.44, 20095.68, 'Annual', 'Scotland', 'SUV'),
('P00312', 'C0300', 'A141', 'Auto', '2024-05-11', '2025-05-11', 814.87, 23970.14, 'Monthly', 'England', 'Truck'),
('P00313', 'C0362', 'A171', 'Auto', '2024-12-26', '2025-12-26', 1257.53, 22735.13, 'Annual', 'Wales', 'Hatchback'),
('P00314', 'C0389', 'A139', 'Auto', '2024-08-27', '2025-08-27', 1513.76, 10330.31, 'Monthly', 'Northern Ireland', 'Hatchback'),
('P00315', 'C0396', 'A150', 'Auto', '2024-08-06', '2025-08-06', 1382.54, 21293.18, 'Quarterly', 'Scotland', 'Convertible'),
('P00316', 'C0330', 'A178', 'Auto', '2023-07-14', '2024-07-13', 1709.08, 20706.44, 'Quarterly', 'Northern Ireland', 'Truck'),
('P00317', 'C0241', 'A178', 'Auto', '2023-06-17', '2024-06-16', 1867.79, 24710.39, 'Quarterly', 'Wales', 'Sedan'),
('P00318', 'C0186', 'A106', 'Auto', '2025-02-03', '2026-02-03', 1645.43, 23038.78, 'Annual', 'Wales', 'Sedan'),
('P00319', 'C0279', 'A197', 'Auto', '2024-10-24', '2025-10-24', 1603.11, 18002.93, 'Annual', 'Scotland', 'Truck'),
('P00320', 'C0379', 'A120', 'Auto', '2023-12-16', '2024-12-15', 1208.8, 12191.78, 'Annual', 'England', 'SUV'),
('P00321', 'C0180', 'A125', 'Auto', '2024-06-20', '2025-06-20', 1504.85, 20828.17, 'Monthly', 'Northern Ireland', 'SUV'),
('P00322', 'C0012', 'A118', 'Auto', '2023-11-18', '2024-11-17', 1317.36, 12785.25, 'Annual', 'Scotland', 'Convertible'),
('P00323', 'C0227', 'A175', 'Auto', '2023-08-08', '2024-08-07', 1030.22, 29010.88, 'Annual', 'Scotland', 'Hatchback'),
('P00324', 'C0332', 'A193', 'Auto', '2024-03-05', '2025-03-05', 1382.51, 22574.43, 'Monthly', 'England', 'Hatchback'),
('P00325', 'C0038', 'A167', 'Auto', '2025-03-15', '2026-03-15', 1446.87, 25424.27, 'Quarterly', 'Wales', 'SUV'),
('P00326', 'C0030', 'A149', 'Auto', '2024-07-23', '2025-07-23', 1465.79, 21944.74, 'Quarterly', 'England', 'SUV'),
('P00327', 'C0060', 'A163', 'Auto', '2024-06-10', '2025-06-10', 1748.96, 10045.23, 'Monthly', 'Wales', 'Sedan'),
('P00328', 'C0080', 'A151', 'Auto', '2024-05-09', '2025-05-09', 1617.3, 23470.81, 'Monthly', 'England', 'Truck'),
('P00329', 'C0111', 'A152', 'Auto', '2024-04-13', '2025-04-13', 954.03, 25114.18, 'Quarterly', 'Scotland', 'SUV'),
('P00330', 'C0217', 'A191', 'Auto', '2025-02-27', '2026-02-27', 992.19, 13947.55, 'Monthly', 'Northern Ireland', 'Convertible'),
('P00331', 'C0360', 'A110', 'Auto', '2023-07-09', '2024-07-08', 1873.32, 26368.98, 'Monthly', 'England', 'Hatchback'),
('P00332', 'C0360', 'A127', 'Auto', '2023-11-05', '2024-11-04', 1332.31, 28786.09, 'Annual', 'Wales', 'Convertible'),
('P00333', 'C0335', 'A163', 'Auto', '2024-04-30', '2025-04-30', 1512.8, 23146.75, 'Quarterly', 'Scotland', 'Sedan'),
('P00334', 'C0170', 'A138', 'Auto', '2023-07-04', '2024-07-03', 1713.04, 11619.79, 'Monthly', 'Wales', 'Truck'),
('P00335', 'C0287', 'A195', 'Auto', '2023-12-23', '2024-12-22', 972.18, 18491.27, 'Monthly', 'Northern Ireland', 'Truck'),
('P00336', 'C0283', 'A168', 'Auto', '2025-02-18', '2026-02-18', 1163.79, 13304.55, 'Quarterly', 'Wales', 'Sedan'),
('P00337', 'C0329', 'A137', 'Auto', '2025-01-09', '2026-01-09', 1492.64, 15663.73, 'Monthly', 'Wales', 'SUV'),
('P00338', 'C0107', 'A131', 'Auto', '2023-08-16', '2024-08-15', 1367.36, 26411.31, 'Quarterly', 'Wales', 'Truck'),
('P00339', 'C0096', 'A198', 'Auto', '2025-03-06', '2026-03-06', 1525.17, 12296.34, 'Annual', 'Wales', 'Truck'),
('P00340', 'C0050', 'A188', 'Auto', '2024-10-14', '2025-10-14', 1645.94, 16614.02, 'Quarterly', 'Scotland', 'SUV'),
('P00341', 'C0176', 'A116', 'Auto', '2023-07-30', '2024-07-29', 1026.07, 19598.51, 'Annual', 'Wales', 'Truck'),
('P00342', 'C0199', 'A152', 'Auto', '2024-07-19', '2025-07-19', 1515.3, 27655.18, 'Quarterly', 'Scotland', 'Sedan'),
('P00343', 'C0196', 'A158', 'Auto', '2024-08-25', '2025-08-25', 893.54, 22287.38, 'Monthly', 'England', 'Sedan'),
('P00344', 'C0235', 'A135', 'Auto', '2024-01-17', '2025-01-16', 1291.17, 20250.29, 'Quarterly', 'Scotland', 'SUV'),
('P00345', 'C0061', 'A150', 'Auto', '2023-12-10', '2024-12-09', 1786.0, 11685.53, 'Monthly', 'Northern Ireland', 'Sedan'),
('P00346', 'C0061', 'A156', 'Auto', '2024-06-15', '2025-06-15', 1488.26, 21692.79, 'Monthly', 'England', 'Sedan'),
('P00347', 'C0217', 'A103', 'Auto', '2023-09-02', '2024-09-01', 1535.7, 16128.44, 'Quarterly', 'England', 'Truck'),
('P00348', 'C0125', 'A141', 'Auto', '2024-09-09', '2025-09-09', 1823.41, 15468.59, 'Quarterly', 'England', 'SUV'),
('P00349', 'C0105', 'A142', 'Auto', '2024-07-12', '2025-07-12', 1502.43, 18885.7, 'Quarterly', 'Scotland', 'Hatchback'),
('P00350', 'C0029', 'A196', 'Auto', '2024-01-10', '2025-01-09', 1047.08, 14333.79, 'Quarterly', 'Northern Ireland', 'Sedan'),
('P00351', 'C0398', 'A176', 'Auto', '2024-07-19', '2025-07-19', 1459.46, 19818.5, 'Annual', 'Wales', 'Convertible'),
('P00352', 'C0271', 'A167', 'Auto', '2023-11-24', '2024-11-23', 1727.57, 13307.03, 'Annual', 'Wales', 'Convertible'),
('P00353', 'C0220', 'A145', 'Auto', '2023-10-18', '2024-10-17', 1420.3, 29012.21, 'Monthly', 'England', 'Convertible'),
('P00354', 'C0374', 'A191', 'Auto', '2024-10-08', '2025-10-08', 1084.12, 12870.47, 'Quarterly', 'Scotland', 'Hatchback'),
('P00355', 'C0204', 'A172', 'Auto', '2024-08-31', '2025-08-31', 1089.1, 19567.83, 'Quarterly', 'Wales', 'Truck'),
('P00356', 'C0156', 'A153', 'Auto', '2023-10-12', '2024-10-11', 1380.52, 16868.73, 'Quarterly', 'Northern Ireland', 'Sedan'),
('P00357', 'C0309', 'A170', 'Auto', '2024-05-16', '2025-05-16', 1048.7, 25811.03, 'Quarterly', 'England', 'Sedan'),
('P00358', 'C0053', 'A121', 'Auto', '2023-12-03', '2024-12-02', 1505.69, 16481.24, 'Quarterly', 'Scotland', 'Sedan'),
('P00359', 'C0162', 'A123', 'Auto', '2024-01-26', '2025-01-25', 1530.7, 13127.85, 'Annual', 'Northern Ireland', 'Sedan'),
('P00360', 'C0230', 'A131', 'Auto', '2023-11-28', '2024-11-27', 1555.47, 11630.59, 'Monthly', 'Northern Ireland', 'Hatchback'),
('P00361', 'C0073', 'A120', 'Auto', '2023-10-14', '2024-10-13', 971.61, 25346.69, 'Quarterly', 'Northern Ireland', 'SUV'),
('P00362', 'C0165', 'A140', 'Auto', '2024-03-10', '2025-03-10', 1742.16, 13912.2, 'Quarterly', 'Wales', 'Truck'),
('P00363', 'C0223', 'A128', 'Auto', '2024-11-10', '2025-11-10', 1669.47, 14415.64, 'Monthly', 'England', 'Truck'),
('P00364', 'C0363', 'A152', 'Auto', '2023-04-25', '2024-04-24', 1042.16, 28214.66, 'Quarterly', 'Northern Ireland', 'Truck'),
('P00365', 'C0079', 'A120', 'Auto', '2023-10-16', '2024-10-15', 1628.54, 15783.48, 'Quarterly', 'Scotland', 'Truck'),
('P00366', 'C0394', 'A133', 'Auto', '2023-05-26', '2024-05-25', 859.71, 27053.19, 'Annual', 'Scotland', 'Hatchback'),
('P00367', 'C0201', 'A172', 'Auto', '2023-08-04', '2024-08-03', 1027.22, 13583.27, 'Annual', 'Wales', 'Truck'),
('P00368', 'C0211', 'A113', 'Auto', '2024-03-31', '2025-03-31', 1057.51, 16365.79, 'Quarterly', 'Scotland', 'Sedan'),
('P00369', 'C0103', 'A178', 'Auto', '2024-11-25', '2025-11-25', 826.95, 22607.04, 'Annual', 'Wales', 'Sedan'),
('P00370', 'C0233', 'A113', 'Auto', '2024-06-14', '2025-06-14', 1168.42, 12910.75, 'Annual', 'England', 'Truck'),
('P00371', 'C0386', 'A137', 'Auto', '2025-01-29', '2026-01-29', 1955.91, 17311.55, 'Quarterly', 'Scotland', 'SUV'),
('P00372', 'C0295', 'A121', 'Auto', '2023-05-20', '2024-05-19', 804.74, 27781.68, 'Quarterly', 'Scotland', 'Sedan'),
('P00373', 'C0285', 'A126', 'Auto', '2024-08-22', '2025-08-22', 1155.61, 27648.78, 'Annual', 'England', 'SUV'),
('P00374', 'C0300', 'A121', 'Auto', '2023-11-01', '2024-10-31', 871.48, 23869.51, 'Monthly', 'England', 'SUV'),
('P00375', 'C0328', 'A104', 'Auto', '2023-04-26', '2024-04-25', 1791.23, 15523.01, 'Annual', 'Wales', 'Truck'),
('P00376', 'C0274', 'A110', 'Auto', '2023-03-29', '2024-03-28', 821.99, 21970.07, 'Annual', 'Northern Ireland', 'Truck'),
('P00377', 'C0371', 'A183', 'Auto', '2024-09-14', '2025-09-14', 1792.3, 18529.0, 'Annual', 'Wales', 'Truck'),
('P00378', 'C0032', 'A152', 'Auto', '2023-05-02', '2024-05-01', 806.89, 21078.01, 'Annual', 'England', 'Sedan'),
('P00379', 'C0108', 'A171', 'Auto', '2024-07-21', '2025-07-21', 1616.51, 21849.51, 'Quarterly', 'Wales', 'Sedan'),
('P00380', 'C0216', 'A181', 'Auto', '2023-11-22', '2024-11-21', 1357.4, 19028.98, 'Quarterly', 'England', 'Truck'),
('P00381', 'C0010', 'A104', 'Auto', '2024-11-11', '2025-11-11', 1490.41, 17850.63, 'Quarterly', 'Wales', 'Truck'),
('P00382', 'C0174', 'A194', 'Auto', '2023-12-09', '2024-12-08', 1787.92, 28594.54, 'Annual', 'Wales', 'SUV'),
('P00383', 'C0187', 'A154', 'Auto', '2024-10-15', '2025-10-15', 1424.98, 12232.24, 'Annual', 'Wales', 'Hatchback'),
('P00384', 'C0015', 'A143', 'Auto', '2024-05-30', '2025-05-30', 1213.39, 16070.41, 'Annual', 'Scotland', 'Convertible'),
('P00385', 'C0040', 'A122', 'Auto', '2024-04-04', '2025-04-04', 1841.71, 11261.29, 'Quarterly', 'Wales', 'Convertible'),
('P00386', 'C0223', 'A169', 'Auto', '2025-03-01', '2026-03-01', 1300.78, 15335.91, 'Quarterly', 'Wales', 'SUV'),
('P00387', 'C0310', 'A193', 'Auto', '2024-08-27', '2025-08-27', 1443.08, 24504.01, 'Annual', 'Northern Ireland', 'Truck'),
('P00388', 'C0153', 'A169', 'Auto', '2023-07-12', '2024-07-11', 1436.6, 17897.32, 'Quarterly', 'England', 'Truck'),
('P00389', 'C0253', 'A160', 'Auto', '2023-04-01', '2024-03-31', 895.33, 25861.51, 'Monthly', 'Wales', 'Sedan'),
('P00390', 'C0351', 'A156', 'Auto', '2023-10-21', '2024-10-20', 1610.26, 27151.88, 'Monthly', 'England', 'Sedan'),
('P00391', 'C0080', 'A182', 'Auto', '2023-08-21', '2024-08-20', 1304.54, 10667.42, 'Annual', 'England', 'Hatchback'),
('P00392', 'C0021', 'A143', 'Auto', '2024-07-08', '2025-07-08', 1202.55, 24145.38, 'Annual', 'Wales', 'Truck'),
('P00393', 'C0353', 'A159', 'Auto', '2023-08-15', '2024-08-14', 1862.3, 19866.39, 'Monthly', 'Scotland', 'SUV'),
('P00394', 'C0163', 'A196', 'Auto', '2024-09-10', '2025-09-10', 827.56, 20696.1, 'Monthly', 'England', 'Sedan'),
('P00395', 'C0389', 'A163', 'Auto', '2024-09-08', '2025-09-08', 1406.49, 17848.99, 'Quarterly', 'England', 'Hatchback'),
('P00396', 'C0182', 'A180', 'Auto', '2024-01-02', '2025-01-01', 1185.94, 10464.04, 'Monthly', 'Scotland', 'Sedan'),
('P00397', 'C0224', 'A192', 'Auto', '2023-06-29', '2024-06-28', 1571.55, 13907.79, 'Monthly', 'Scotland', 'Convertible'),
('P00398', 'C0097', 'A103', 'Auto', '2023-03-30', '2024-03-29', 1142.76, 26745.74, 'Annual', 'England', 'Truck'),
('P00399', 'C0019', 'A129', 'Auto', '2024-07-27', '2025-07-27', 1017.16, 21225.11, 'Monthly', 'England', 'Convertible'),
('P00400', 'C0190', 'A111', 'Auto', '2024-11-21', '2025-11-21', 1284.32, 10478.4, 'Monthly', 'Wales', 'Sedan'),
('P00401', 'C0049', 'A117', 'Auto', '2024-10-09', '2025-10-09', 1492.01, 21403.49, 'Annual', 'Northern Ireland', 'Hatchback'),
('P00402', 'C0268', 'A199', 'Auto', '2025-01-27', '2026-01-27', 1361.97, 16108.1, 'Annual', 'Wales', 'Convertible'),
('P00403', 'C0139', 'A104', 'Auto', '2023-05-13', '2024-05-12', 1464.55, 14563.75, 'Monthly', 'Wales', 'SUV'),
('P00404', 'C0261', 'A118', 'Auto', '2025-01-22', '2026-01-22', 1814.21, 13261.94, 'Annual', 'Scotland', 'Convertible'),
('P00405', 'C0124', 'A184', 'Auto', '2023-08-09', '2024-08-08', 1902.93, 22413.56, 'Annual', 'Scotland', 'Convertible'),
('P00406', 'C0129', 'A158', 'Auto', '2023-11-09', '2024-11-08', 1915.39, 27837.76, 'Monthly', 'Northern Ireland', 'Convertible'),
('P00407', 'C0380', 'A139', 'Auto', '2024-10-15', '2025-10-15', 1793.78, 16959.28, 'Annual', 'Wales', 'SUV'),
('P00408', 'C0036', 'A103', 'Auto', '2024-03-10', '2025-03-10', 1267.48, 23007.37, 'Quarterly', 'Northern Ireland', 'Convertible'),
('P00409', 'C0093', 'A109', 'Auto', '2024-10-08', '2025-10-08', 1605.74, 15390.65, 'Monthly', 'England', 'Sedan'),
('P00410', 'C0044', 'A100', 'Auto', '2024-11-05', '2025-11-05', 1961.62, 11373.79, 'Annual', 'Wales', 'Hatchback'),
('P00411', 'C0273', 'A145', 'Auto', '2024-05-31', '2025-05-31', 1866.27, 23600.45, 'Annual', 'England', 'Truck'),
('P00412', 'C0058', 'A176', 'Auto', '2024-07-20', '2025-07-20', 1619.08, 23284.41, 'Annual', 'Wales', 'SUV'),
('P00413', 'C0364', 'A183', 'Auto', '2025-02-27', '2026-02-27', 1265.3, 21062.01, 'Quarterly', 'Scotland', 'Sedan'),
('P00414', 'C0009', 'A144', 'Auto', '2023-06-07', '2024-06-06', 1146.69, 28107.77, 'Quarterly', 'Wales', 'Convertible'),
('P00415', 'C0258', 'A182', 'Auto', '2024-05-01', '2025-05-01', 903.49, 23818.47, 'Monthly', 'Northern Ireland', 'Truck'),
('P00416', 'C0376', 'A188', 'Auto', '2023-08-27', '2024-08-26', 1336.6, 24137.93, 'Annual', 'Northern Ireland', 'Hatchback'),
('P00417', 'C0301', 'A188', 'Auto', '2023-05-30', '2024-05-29', 1827.43, 24713.11, 'Annual', 'Wales', 'Hatchback'),
('P00418', 'C0015', 'A108', 'Auto', '2023-11-22', '2024-11-21', 1168.94, 18451.3, 'Monthly', 'Scotland', 'Hatchback'),
('P00419', 'C0228', 'A184', 'Auto', '2023-07-04', '2024-07-03', 1112.61, 26102.1, 'Quarterly', 'Wales', 'SUV'),
('P00420', 'C0363', 'A169', 'Auto', '2024-01-09', '2025-01-08', 1066.6, 29740.78, 'Monthly', 'Wales', 'Convertible'),
('P00421', 'C0036', 'A113', 'Auto', '2025-01-06', '2026-01-06', 1771.16, 24208.7, 'Annual', 'Scotland', 'Hatchback'),
('P00422', 'C0184', 'A157', 'Auto', '2024-07-13', '2025-07-13', 870.13, 11115.32, 'Quarterly', 'Wales', 'SUV'),
('P00423', 'C0145', 'A110', 'Auto', '2024-01-06', '2025-01-05', 1068.03, 29392.72, 'Annual', 'Scotland', 'Sedan'),
('P00424', 'C0338', 'A129', 'Auto', '2025-02-28', '2026-02-28', 1662.17, 12729.21, 'Annual', 'England', 'Truck'),
('P00425', 'C0226', 'A108', 'Auto', '2024-12-23', '2025-12-23', 1697.53, 10014.16, 'Quarterly', 'England', 'Convertible'),
('P00426', 'C0234', 'A123', 'Auto', '2024-01-02', '2025-01-01', 1924.91, 16595.41, 'Annual', 'England', 'Hatchback'),
('P00427', 'C0104', 'A126', 'Auto', '2024-05-03', '2025-05-03', 818.66, 10666.68, 'Monthly', 'Wales', 'Sedan'),
('P00428', 'C0024', 'A116', 'Auto', '2024-06-15', '2025-06-15', 1306.62, 13335.15, 'Annual', 'Scotland', 'Convertible'),
('P00429', 'C0309', 'A156', 'Auto', '2023-12-12', '2024-12-11', 1273.18, 20792.22, 'Annual', 'Scotland', 'Truck'),
('P00430', 'C0134', 'A127', 'Auto', '2023-10-13', '2024-10-12', 827.22, 18286.53, 'Annual', 'Wales', 'Truck'),
('P00431', 'C0322', 'A116', 'Auto', '2024-05-05', '2025-05-05', 1388.5, 22388.92, 'Monthly', 'England', 'Convertible'),
('P00432', 'C0346', 'A160', 'Auto', '2023-08-03', '2024-08-02', 985.32, 16344.04, 'Annual', 'Northern Ireland', 'SUV'),
('P00433', 'C0281', 'A141', 'Auto', '2025-01-21', '2026-01-21', 941.51, 16001.81, 'Monthly', 'Wales', 'SUV'),
('P00434', 'C0111', 'A148', 'Auto', '2023-06-07', '2024-06-06', 1572.59, 26349.75, 'Quarterly', 'England', 'Sedan'),
('P00435', 'C0398', 'A181', 'Auto', '2025-01-14', '2026-01-14', 960.31, 29862.52, 'Monthly', 'England', 'Truck'),
('P00436', 'C0230', 'A171', 'Auto', '2023-10-04', '2024-10-03', 1508.14, 25245.74, 'Annual', 'England', 'Convertible'),
('P00437', 'C0189', 'A170', 'Auto', '2023-11-05', '2024-11-04', 1309.94, 20854.17, 'Annual', 'England', 'Hatchback'),
('P00438', 'C0377', 'A152', 'Auto', '2023-11-18', '2024-11-17', 1637.68, 29230.9, 'Monthly', 'England', 'Truck'),
('P00439', 'C0142', 'A183', 'Auto', '2024-06-08', '2025-06-08', 1806.26, 21090.76, 'Monthly', 'Wales', 'SUV'),
('P00440', 'C0154', 'A159', 'Auto', '2024-04-04', '2025-04-04', 929.57, 19565.23, 'Quarterly', 'England', 'Truck'),
('P00441', 'C0194', 'A110', 'Auto', '2024-08-10', '2025-08-10', 887.63, 27759.05, 'Annual', 'Wales', 'SUV'),
('P00442', 'C0148', 'A135', 'Auto', '2024-10-26', '2025-10-26', 1843.6, 23354.22, 'Monthly', 'England', 'Sedan'),
('P00443', 'C0089', 'A137', 'Auto', '2024-12-14', '2025-12-14', 1777.73, 11263.11, 'Monthly', 'Scotland', 'Truck'),
('P00444', 'C0215', 'A113', 'Auto', '2023-11-06', '2024-11-05', 1441.01, 23100.41, 'Monthly', 'Northern Ireland', 'SUV'),
('P00445', 'C0070', 'A162', 'Auto', '2025-02-07', '2026-02-07', 1896.62, 27854.69, 'Quarterly', 'England', 'Hatchback'),
('P00446', 'C0035', 'A182', 'Auto', '2024-11-13', '2025-11-13', 1955.06, 26690.82, 'Monthly', 'Wales', 'Hatchback'),
('P00447', 'C0079', 'A182', 'Auto', '2025-02-27', '2026-02-27', 952.69, 23555.5, 'Monthly', 'Scotland', 'Hatchback'),
('P00448', 'C0134', 'A128', 'Auto', '2024-12-15', '2025-12-15', 1981.03, 17177.19, 'Monthly', 'Scotland', 'SUV'),
('P00449', 'C0351', 'A117', 'Auto', '2024-10-31', '2025-10-31', 1445.14, 23853.02, 'Quarterly', 'Northern Ireland', 'SUV'),
('P00450', 'C0245', 'A171', 'Auto', '2025-02-23', '2026-02-23', 1776.77, 23744.39, 'Monthly', 'Scotland', 'Hatchback'),
('P00451', 'C0093', 'A107', 'Auto', '2024-09-01', '2025-09-01', 1747.52, 27808.2, 'Quarterly', 'Scotland', 'Hatchback'),
('P00452', 'C0304', 'A133', 'Auto', '2023-06-18', '2024-06-17', 1267.11, 20951.53, 'Monthly', 'Scotland', 'Hatchback'),
('P00453', 'C0142', 'A174', 'Auto', '2023-06-01', '2024-05-31', 1969.24, 24152.25, 'Annual', 'Scotland', 'Sedan'),
('P00454', 'C0387', 'A162', 'Auto', '2024-09-21', '2025-09-21', 1587.21, 14702.94, 'Quarterly', 'England', 'Truck'),
('P00455', 'C0006', 'A110', 'Auto', '2023-09-08', '2024-09-07', 1080.39, 11047.25, 'Annual', 'Northern Ireland', 'SUV'),
('P00456', 'C0215', 'A135', 'Auto', '2024-08-15', '2025-08-15', 1133.4, 11743.03, 'Annual', 'Wales', 'Hatchback'),
('P00457', 'C0064', 'A105', 'Auto', '2023-05-30', '2024-05-29', 970.77, 20781.35, 'Monthly', 'Scotland', 'Truck'),
('P00458', 'C0054', 'A125', 'Auto', '2023-11-24', '2024-11-23', 1443.91, 17924.56, 'Monthly', 'Northern Ireland', 'Hatchback'),
('P00459', 'C0373', 'A113', 'Auto', '2024-05-21', '2025-05-21', 1200.95, 28180.31, 'Annual', 'Scotland', 'SUV'),
('P00460', 'C0066', 'A138', 'Auto', '2024-09-03', '2025-09-03', 1523.17, 11008.19, 'Monthly', 'Scotland', 'Convertible'),
('P00461', 'C0294', 'A166', 'Auto', '2023-10-26', '2024-10-25', 817.12, 17392.2, 'Annual', 'England', 'Convertible'),
('P00462', 'C0217', 'A170', 'Auto', '2024-08-09', '2025-08-09', 898.46, 17886.1, 'Monthly', 'Scotland', 'Sedan'),
('P00463', 'C0064', 'A194', 'Auto', '2023-06-07', '2024-06-06', 1467.49, 10601.98, 'Quarterly', 'Northern Ireland', 'Convertible'),
('P00464', 'C0164', 'A197', 'Auto', '2024-03-26', '2025-03-26', 1115.07, 24913.87, 'Quarterly', 'England', 'Truck'),
('P00465', 'C0068', 'A142', 'Auto', '2025-02-03', '2026-02-03', 1669.14, 28806.46, 'Monthly', 'Scotland', 'SUV'),
('P00466', 'C0128', 'A143', 'Auto', '2024-02-21', '2025-02-20', 1040.45, 19671.85, 'Quarterly', 'England', 'Hatchback'),
('P00467', 'C0150', 'A155', 'Auto', '2023-11-10', '2024-11-09', 1673.6, 19007.27, 'Monthly', 'Scotland', 'Sedan'),
('P00468', 'C0149', 'A181', 'Auto', '2024-03-07', '2025-03-07', 1124.58, 20050.46, 'Quarterly', 'Wales', 'Hatchback'),
('P00469', 'C0169', 'A165', 'Auto', '2024-04-23', '2025-04-23', 1287.21, 28348.15, 'Quarterly', 'Wales', 'Hatchback'),
('P00470', 'C0074', 'A144', 'Auto', '2024-07-17', '2025-07-17', 1043.45, 18405.97, 'Quarterly', 'Scotland', 'Truck'),
('P00471', 'C0255', 'A122', 'Auto', '2024-08-18', '2025-08-18', 1291.9, 10702.12, 'Monthly', 'England', 'Sedan'),
('P00472', 'C0376', 'A153', 'Auto', '2024-05-13', '2025-05-13', 981.14, 26067.55, 'Monthly', 'Scotland', 'Truck'),
('P00473', 'C0252', 'A184', 'Auto', '2023-11-18', '2024-11-17', 1271.37, 23284.28, 'Monthly', 'Scotland', 'Sedan'),
('P00474', 'C0163', 'A115', 'Auto', '2023-12-26', '2024-12-25', 819.24, 17252.98, 'Annual', 'Northern Ireland', 'Truck'),
('P00475', 'C0293', 'A187', 'Auto', '2025-01-03', '2026-01-03', 1170.1, 23557.33, 'Annual', 'Wales', 'Sedan'),
('P00476', 'C0207', 'A127', 'Auto', '2024-02-29', '2025-02-28', 1190.05, 26019.73, 'Annual', 'England', 'Sedan'),
('P00477', 'C0185', 'A190', 'Auto', '2023-03-28', '2024-03-27', 1210.87, 28528.77, 'Annual', 'Northern Ireland', 'SUV'),
('P00478', 'C0185', 'A101', 'Auto', '2024-06-27', '2025-06-27', 1275.66, 24257.85, 'Monthly', 'Wales', 'Hatchback'),
('P00479', 'C0216', 'A107', 'Auto', '2024-07-02', '2025-07-02', 1836.14, 28818.77, 'Quarterly', 'Scotland', 'Hatchback'),
('P00480', 'C0040', 'A159', 'Auto', '2023-07-26', '2024-07-25', 1999.84, 15115.97, 'Annual', 'Northern Ireland', 'Truck'),
('P00481', 'C0370', 'A169', 'Auto', '2024-02-08', '2025-02-07', 1022.55, 13046.62, 'Quarterly', 'Wales', 'Hatchback'),
('P00482', 'C0366', 'A158', 'Auto', '2024-01-09', '2025-01-08', 1014.25, 21784.94, 'Quarterly', 'Scotland', 'Truck'),
('P00483', 'C0242', 'A167', 'Auto', '2025-02-28', '2026-02-28', 1321.33, 29433.62, 'Quarterly', 'Scotland', 'Sedan'),
('P00484', 'C0324', 'A198', 'Auto', '2023-05-16', '2024-05-15', 1034.97, 13393.95, 'Monthly', 'England', 'SUV'),
('P00485', 'C0247', 'A178', 'Auto', '2023-12-31', '2024-12-30', 1351.14, 13881.53, 'Annual', 'Scotland', 'Sedan'),
('P00486', 'C0045', 'A139', 'Auto', '2024-11-13', '2025-11-13', 803.63, 26561.58, 'Monthly', 'England', 'Truck'),
('P00487', 'C0090', 'A172', 'Auto', '2025-02-07', '2026-02-07', 1383.28, 15933.56, 'Annual', 'Scotland', 'SUV'),
('P00488', 'C0063', 'A174', 'Auto', '2024-02-18', '2025-02-17', 1678.88, 18408.07, 'Annual', 'Scotland', 'Convertible'),
('P00489', 'C0002', 'A127', 'Auto', '2023-10-13', '2024-10-12', 1226.17, 16774.16, 'Annual', 'Scotland', 'Hatchback'),
('P00490', 'C0209', 'A120', 'Auto', '2024-05-07', '2025-05-07', 1378.68, 25209.93, 'Annual', 'Northern Ireland', 'SUV'),
('P00491', 'C0121', 'A182', 'Auto', '2024-01-03', '2025-01-02', 837.6, 17931.39, 'Monthly', 'Wales', 'Convertible'),
('P00492', 'C0095', 'A172', 'Auto', '2023-10-20', '2024-10-19', 1917.46, 27159.38, 'Annual', 'Northern Ireland', 'Convertible'),
('P00493', 'C0338', 'A193', 'Auto', '2024-05-06', '2025-05-06', 1078.36, 22658.19, 'Annual', 'Scotland', 'Hatchback'),
('P00494', 'C0132', 'A126', 'Auto', '2023-05-18', '2024-05-17', 1096.27, 14121.81, 'Monthly', 'Scotland', 'Sedan'),
('P00495', 'C0325', 'A138', 'Auto', '2023-10-08', '2024-10-07', 939.67, 12308.17, 'Quarterly', 'Northern Ireland', 'SUV'),
('P00496', 'C0161', 'A157', 'Auto', '2023-05-24', '2024-05-23', 1767.06, 12642.3, 'Quarterly', 'Northern Ireland', 'Hatchback'),
('P00497', 'C0088', 'A103', 'Auto', '2023-06-27', '2024-06-26', 1898.88, 12050.46, 'Annual', 'England', 'SUV'),
('P00498', 'C0293', 'A197', 'Auto', '2023-11-05', '2024-11-04', 1809.35, 10487.69, 'Annual', 'Scotland', 'SUV'),
('P00499', 'C0035', 'A181', 'Auto', '2024-06-23', '2025-06-23', 1108.85, 18338.83, 'Quarterly', 'Scotland', 'Convertible'),
('P00500', 'C0031', 'A110', 'Auto', '2025-03-12', '2026-03-12', 1415.66, 27907.45, 'Annual', 'Wales', 'Hatchback'),
('P00501', 'C0204', 'A187', 'Auto', '2024-11-12', '2025-11-12', 1730.4, 25546.41, 'Annual', 'Wales', 'SUV'),
('P00502', 'C0284', 'A145', 'Auto', '2024-05-20', '2025-05-20', 1831.08, 23844.77, 'Quarterly', 'Scotland', 'Hatchback'),
('P00503', 'C0163', 'A196', 'Auto', '2024-03-09', '2025-03-09', 1786.88, 23863.03, 'Quarterly', 'Wales', 'Hatchback'),
('P00504', 'C0160', 'A197', 'Auto', '2024-03-12', '2025-03-12', 1079.67, 28404.17, 'Monthly', 'England', 'Convertible'),
('P00505', 'C0178', 'A136', 'Auto', '2023-08-28', '2024-08-27', 1439.73, 17696.9, 'Quarterly', 'Northern Ireland', 'Sedan'),
('P00506', 'C0060', 'A173', 'Auto', '2024-01-15', '2025-01-14', 1727.25, 22790.49, 'Monthly', 'England', 'Convertible'),
('P00507', 'C0374', 'A155', 'Auto', '2023-10-30', '2024-10-29', 1831.29, 11830.11, 'Monthly', 'England', 'Convertible'),
('P00508', 'C0294', 'A168', 'Auto', '2023-11-11', '2024-11-10', 1137.95, 24617.54, 'Monthly', 'Wales', 'SUV'),
('P00509', 'C0076', 'A169', 'Auto', '2023-06-07', '2024-06-06', 1179.3, 13908.94, 'Monthly', 'England', 'Hatchback'),
('P00510', 'C0091', 'A146', 'Auto', '2023-06-27', '2024-06-26', 1187.22, 18585.55, 'Monthly', 'Scotland', 'Hatchback'),
('P00511', 'C0367', 'A194', 'Auto', '2024-01-16', '2025-01-15', 837.12, 15406.94, 'Annual', 'Northern Ireland', 'Truck'),
('P00512', 'C0040', 'A144', 'Auto', '2024-09-13', '2025-09-13', 1525.56, 21350.91, 'Annual', 'Scotland', 'Convertible'),
('P00513', 'C0120', 'A158', 'Auto', '2023-11-24', '2024-11-23', 1546.5, 12975.41, 'Quarterly', 'Scotland', 'SUV'),
('P00514', 'C0371', 'A118', 'Auto', '2024-02-04', '2025-02-03', 1830.61, 26310.24, 'Annual', 'Scotland', 'Truck'),
('P00515', 'C0009', 'A140', 'Auto', '2023-12-04', '2024-12-03', 1134.76, 19984.65, 'Annual', 'Scotland', 'SUV'),
('P00516', 'C0391', 'A110', 'Auto', '2024-04-25', '2025-04-25', 868.32, 29918.96, 'Monthly', 'Northern Ireland', 'Hatchback'),
('P00517', 'C0357', 'A198', 'Auto', '2023-12-10', '2024-12-09', 1934.59, 18146.93, 'Monthly', 'Scotland', 'Truck'),
('P00518', 'C0336', 'A143', 'Auto', '2023-08-29', '2024-08-28', 1517.32, 21372.12, 'Quarterly', 'Wales', 'Convertible'),
('P00519', 'C0141', 'A173', 'Auto', '2023-09-02', '2024-09-01', 1247.48, 19757.47, 'Monthly', 'England', 'Hatchback'),
('P00520', 'C0026', 'A158', 'Auto', '2024-07-19', '2025-07-19', 1413.64, 18572.23, 'Annual', 'Scotland', 'SUV'),
('P00521', 'C0014', 'A127', 'Auto', '2024-12-22', '2025-12-22', 1839.26, 24582.1, 'Monthly', 'Northern Ireland', 'SUV'),
('P00522', 'C0349', 'A179', 'Auto', '2024-12-17', '2025-12-17', 1258.25, 18569.48, 'Monthly', 'England', 'Truck'),
('P00523', 'C0133', 'A167', 'Auto', '2024-07-29', '2025-07-29', 1376.76, 15846.93, 'Quarterly', 'Northern Ireland', 'Convertible'),
('P00524', 'C0247', 'A182', 'Auto', '2023-12-09', '2024-12-08', 1976.4, 12075.55, 'Monthly', 'Northern Ireland', 'Convertible'),
('P00525', 'C0204', 'A163', 'Auto', '2024-12-28', '2025-12-28', 1867.14, 21626.08, 'Monthly', 'Scotland', 'SUV'),
('P00526', 'C0198', 'A100', 'Auto', '2024-09-09', '2025-09-09', 1417.14, 18266.51, 'Monthly', 'England', 'Hatchback'),
('P00527', 'C0368', 'A160', 'Auto', '2024-01-25', '2025-01-24', 816.08, 11870.82, 'Quarterly', 'Scotland', 'SUV'),
('P00528', 'C0122', 'A161', 'Auto', '2025-03-18', '2026-03-18', 996.14, 26472.19, 'Quarterly', 'Northern Ireland', 'Sedan'),
('P00529', 'C0050', 'A133', 'Auto', '2024-01-14', '2025-01-13', 1888.29, 11377.98, 'Monthly', 'Scotland', 'Truck'),
('P00530', 'C0089', 'A114', 'Auto', '2024-08-14', '2025-08-14', 1296.46, 27786.88, 'Quarterly', 'Northern Ireland', 'Convertible'),
('P00531', 'C0089', 'A115', 'Auto', '2024-10-31', '2025-10-31', 1731.21, 11121.02, 'Quarterly', 'Wales', 'Hatchback'),
('P00532', 'C0320', 'A102', 'Auto', '2024-12-25', '2025-12-25', 821.31, 27030.85, 'Annual', 'England', 'SUV'),
('P00533', 'C0353', 'A104', 'Auto', '2024-08-08', '2025-08-08', 1379.12, 14637.41, 'Monthly', 'England', 'Hatchback'),
('P00534', 'C0088', 'A197', 'Auto', '2025-03-04', '2026-03-04', 979.98, 22221.61, 'Quarterly', 'Northern Ireland', 'Truck'),
('P00535', 'C0031', 'A194', 'Auto', '2024-08-18', '2025-08-18', 930.29, 28146.41, 'Annual', 'England', 'Convertible'),
('P00536', 'C0141', 'A171', 'Auto', '2024-01-25', '2025-01-24', 933.07, 27111.51, 'Quarterly', 'Northern Ireland', 'Sedan'),
('P00537', 'C0117', 'A120', 'Auto', '2023-06-09', '2024-06-08', 1066.06, 21421.15, 'Annual', 'Wales', 'Convertible'),
('P00538', 'C0136', 'A144', 'Auto', '2024-04-27', '2025-04-27', 1240.49, 18312.78, 'Annual', 'Scotland', 'Hatchback'),
('P00539', 'C0034', 'A150', 'Auto', '2024-01-06', '2025-01-05', 876.98, 25463.4, 'Quarterly', 'Scotland', 'Convertible'),
('P00540', 'C0400', 'A131', 'Auto', '2023-06-25', '2024-06-24', 861.63, 20292.53, 'Monthly', 'Wales', 'Truck'),
('P00541', 'C0117', 'A146', 'Auto', '2024-12-08', '2025-12-08', 1967.3, 17405.78, 'Quarterly', 'Scotland', 'Sedan'),
('P00542', 'C0322', 'A179', 'Auto', '2024-03-13', '2025-03-13', 1160.92, 13235.61, 'Quarterly', 'Scotland', 'Convertible'),
('P00543', 'C0371', 'A152', 'Auto', '2024-09-13', '2025-09-13', 1733.68, 28838.67, 'Annual', 'England', 'Convertible'),
('P00544', 'C0107', 'A118', 'Auto', '2024-05-23', '2025-05-23', 1057.26, 22024.05, 'Monthly', 'Northern Ireland', 'Hatchback'),
('P00545', 'C0368', 'A182', 'Auto', '2024-09-12', '2025-09-12', 1075.8, 28213.89, 'Annual', 'Wales', 'Hatchback'),
('P00546', 'C0204', 'A157', 'Auto', '2023-08-01', '2024-07-31', 1485.48, 26461.69, 'Quarterly', 'England', 'Sedan'),
('P00547', 'C0192', 'A128', 'Auto', '2025-01-02', '2026-01-02', 1035.42, 16212.01, 'Annual', 'Scotland', 'Truck'),
('P00548', 'C0263', 'A125', 'Auto', '2023-03-30', '2024-03-29', 1364.04, 22248.66, 'Monthly', 'England', 'Sedan'),
('P00549', 'C0112', 'A168', 'Auto', '2024-03-14', '2025-03-14', 1806.91, 27355.51, 'Annual', 'England', 'Sedan'),
('P00550', 'C0142', 'A153', 'Auto', '2024-12-08', '2025-12-08', 1781.25, 20881.61, 'Monthly', 'Scotland', 'Convertible'),
('P00551', 'C0118', 'A139', 'Auto', '2025-01-15', '2026-01-15', 1958.25, 25361.21, 'Quarterly', 'Scotland', 'Convertible'),
('P00552', 'C0252', 'A102', 'Auto', '2025-02-16', '2026-02-16', 1739.71, 11677.52, 'Monthly', 'Northern Ireland', 'SUV'),
('P00553', 'C0191', 'A176', 'Auto', '2025-01-06', '2026-01-06', 1548.8, 20605.76, 'Annual', 'Wales', 'Convertible'),
('P00554', 'C0145', 'A142', 'Auto', '2024-11-02', '2025-11-02', 1954.39, 14494.94, 'Annual', 'England', 'Convertible'),
('P00555', 'C0301', 'A146', 'Auto', '2023-08-23', '2024-08-22', 1573.87, 26446.56, 'Annual', 'Wales', 'Convertible'),
('P00556', 'C0114', 'A104', 'Auto', '2024-04-12', '2025-04-12', 891.91, 15285.89, 'Quarterly', 'England', 'Truck'),
('P00557', 'C0210', 'A110', 'Auto', '2024-09-09', '2025-09-09', 1721.29, 25427.46, 'Monthly', 'Scotland', 'Convertible'),
('P00558', 'C0313', 'A121', 'Auto', '2023-05-09', '2024-05-08', 1727.89, 17949.33, 'Quarterly', 'Scotland', 'SUV'),
('P00559', 'C0390', 'A132', 'Auto', '2024-07-14', '2025-07-14', 1947.03, 26804.47, 'Annual', 'Wales', 'Sedan'),
('P00560', 'C0231', 'A182', 'Auto', '2024-05-23', '2025-05-23', 895.5, 19291.33, 'Monthly', 'Wales', 'Convertible'),
('P00561', 'C0251', 'A137', 'Auto', '2025-01-01', '2026-01-01', 903.2, 20729.85, 'Monthly', 'England', 'Sedan'),
('P00562', 'C0273', 'A130', 'Auto', '2023-12-04', '2024-12-03', 1802.83, 14589.82, 'Quarterly', 'Northern Ireland', 'SUV'),
('P00563', 'C0064', 'A195', 'Auto', '2023-12-17', '2024-12-16', 1072.73, 12166.39, 'Annual', 'Wales', 'Convertible'),
('P00564', 'C0122', 'A101', 'Auto', '2024-03-21', '2025-03-21', 1131.13, 23352.38, 'Monthly', 'Scotland', 'Sedan'),
('P00565', 'C0221', 'A174', 'Auto', '2024-06-15', '2025-06-15', 1357.5, 14631.77, 'Quarterly', 'Northern Ireland', 'Convertible'),
('P00566', 'C0156', 'A128', 'Auto', '2024-04-12', '2025-04-12', 1332.04, 11322.21, 'Monthly', 'Scotland', 'Truck'),
('P00567', 'C0188', 'A106', 'Auto', '2024-11-17', '2025-11-17', 1193.57, 24547.56, 'Annual', 'Wales', 'Convertible'),
('P00568', 'C0008', 'A114', 'Auto', '2024-05-31', '2025-05-31', 1972.94, 27919.16, 'Annual', 'Wales', 'SUV'),
('P00569', 'C0078', 'A191', 'Auto', '2023-12-30', '2024-12-29', 1089.73, 20579.8, 'Quarterly', 'Northern Ireland', 'SUV'),
('P00570', 'C0348', 'A182', 'Auto', '2025-03-05', '2026-03-05', 1388.17, 26737.39, 'Annual', 'Northern Ireland', 'Hatchback'),
('P00571', 'C0099', 'A163', 'Auto', '2024-07-01', '2025-07-01', 1204.06, 22337.36, 'Monthly', 'England', 'Truck'),
('P00572', 'C0395', 'A178', 'Auto', '2024-05-03', '2025-05-03', 1277.86, 12777.49, 'Monthly', 'Northern Ireland', 'Hatchback'),
('P00573', 'C0347', 'A120', 'Auto', '2023-04-02', '2024-04-01', 875.04, 29491.58, 'Monthly', 'Wales', 'SUV'),
('P00574', 'C0105', 'A102', 'Auto', '2023-09-16', '2024-09-15', 1174.95, 13921.21, 'Monthly', 'Northern Ireland', 'SUV'),
('P00575', 'C0385', 'A190', 'Auto', '2023-07-27', '2024-07-26', 1553.61, 21706.91, 'Quarterly', 'Wales', 'Sedan'),
('P00576', 'C0017', 'A111', 'Auto', '2023-06-22', '2024-06-21', 1639.44, 10810.49, 'Monthly', 'England', 'SUV'),
('P00577', 'C0189', 'A112', 'Auto', '2025-01-21', '2026-01-21', 1319.83, 15746.18, 'Annual', 'England', 'Truck'),
('P00578', 'C0358', 'A142', 'Auto', '2024-11-24', '2025-11-24', 1999.01, 11732.39, 'Monthly', 'Northern Ireland', 'Hatchback'),
('P00579', 'C0311', 'A115', 'Auto', '2024-08-29', '2025-08-29', 1576.96, 19927.76, 'Monthly', 'Wales', 'Sedan'),
('P00580', 'C0285', 'A109', 'Auto', '2024-11-21', '2025-11-21', 1798.46, 23098.71, 'Monthly', 'Northern Ireland', 'Truck'),
('P00581', 'C0008', 'A106', 'Auto', '2023-08-17', '2024-08-16', 1998.85, 29259.43, 'Monthly', 'Scotland', 'Sedan'),
('P00582', 'C0073', 'A184', 'Auto', '2024-06-24', '2025-06-24', 1405.24, 28781.02, 'Annual', 'Scotland', 'Truck'),
('P00583', 'C0041', 'A137', 'Auto', '2023-07-01', '2024-06-30', 1225.21, 20246.94, 'Annual', 'Wales', 'Convertible'),
('P00584', 'C0312', 'A157', 'Auto', '2024-12-25', '2025-12-25', 1602.43, 14257.89, 'Annual', 'Scotland', 'Hatchback'),
('P00585', 'C0256', 'A197', 'Auto', '2023-09-27', '2024-09-26', 1809.54, 12606.85, 'Annual', 'England', 'Truck'),
('P00586', 'C0197', 'A181', 'Auto', '2024-11-22', '2025-11-22', 1831.11, 14341.04, 'Annual', 'England', 'Convertible'),
('P00587', 'C0065', 'A178', 'Auto', '2024-09-02', '2025-09-02', 1389.18, 23000.96, 'Monthly', 'Northern Ireland', 'Sedan'),
('P00588', 'C0315', 'A105', 'Auto', '2023-10-16', '2024-10-15', 1658.35, 29891.65, 'Monthly', 'Wales', 'Sedan'),
('P00589', 'C0290', 'A144', 'Auto', '2024-01-14', '2025-01-13', 1274.33, 25139.94, 'Quarterly', 'Wales', 'Truck'),
('P00590', 'C0034', 'A147', 'Auto', '2024-05-22', '2025-05-22', 1227.67, 27238.58, 'Monthly', 'Northern Ireland', 'Truck'),
('P00591', 'C0230', 'A149', 'Auto', '2023-07-06', '2024-07-05', 894.95, 21771.8, 'Quarterly', 'Scotland', 'Truck'),
('P00592', 'C0088', 'A187', 'Auto', '2024-07-17', '2025-07-17', 1740.79, 23980.93, 'Quarterly', 'Scotland', 'Sedan'),
('P00593', 'C0329', 'A111', 'Auto', '2023-08-11', '2024-08-10', 1252.97, 11585.49, 'Monthly', 'Scotland', 'SUV'),
('P00594', 'C0116', 'A128', 'Auto', '2024-03-18', '2025-03-18', 1882.54, 25506.53, 'Quarterly', 'Wales', 'Hatchback'),
('P00595', 'C0042', 'A136', 'Auto', '2024-11-25', '2025-11-25', 1503.58, 19872.22, 'Annual', 'England', 'SUV'),
('P00596', 'C0086', 'A130', 'Auto', '2023-07-20', '2024-07-19', 1075.83, 27362.44, 'Annual', 'Northern Ireland', 'Hatchback'),
('P00597', 'C0026', 'A143', 'Auto', '2023-04-22', '2024-04-21', 1556.53, 13658.34, 'Annual', 'England', 'Sedan'),
('P00598', 'C0096', 'A189', 'Auto', '2023-10-02', '2024-10-01', 915.55, 17909.16, 'Annual', 'England', 'Sedan'),
('P00599', 'C0389', 'A112', 'Auto', '2023-08-17', '2024-08-16', 1157.46, 13428.73, 'Annual', 'Wales', 'Truck'),
('P00600', 'C0398', 'A128', 'Auto', '2024-04-09', '2025-04-09', 1377.01, 14284.24, 'Quarterly', 'Scotland', 'Convertible');

-- Claims Table Bulk Insert
INSERT INTO claims (claim_id, policy_id, claim_date, claim_amount, claim_status, incident_type, incident_description, fraud_flag) VALUES
('CLM00001', 'P00402', '2025-09-06', 8678.42, 'Approved', 'Fire', 'Engine fire due to overheating', False),
('CLM00002', 'P00585', '2024-04-27', 9686.72, 'Approved', 'Collision', 'Rear-end collision on motorway', False),
('CLM00003', 'P00267', '2025-02-23', 9931.71, 'Rejected', 'Fire', 'Engine fire due to overheating', False),
('CLM00004', 'P00257', '2024-03-17', 6051.34, 'Rejected', 'Collision', 'Rear-end collision on motorway', False),
('CLM00005', 'P00364', '2023-05-15', 8748.65, 'Approved', 'Theft', 'Vehicle stolen from home driveway', False),
('CLM00006', 'P00546', '2023-08-02', 3997.48, 'Rejected', 'Fire', 'Engine fire due to overheating', False),
('CLM00007', 'P00091', '2024-12-08', 4733.18, 'Under Review', 'Vandalism', 'Scratches and broken mirrors', False),
('CLM00008', 'P00257', '2023-11-19', 5093.55, 'Approved', 'Collision', 'Rear-end collision on motorway', False),
('CLM00009', 'P00540', '2024-06-12', 9336.29, 'Rejected', 'Vandalism', 'Scratches and broken mirrors', True),
('CLM00010', 'P00399', '2025-02-18', 9084.29, 'Under Review', 'Water Damage', 'Flooded during storm in garage', False),
('CLM00011', 'P00305', '2024-06-14', 4431.11, 'Under Review', 'Water Damage', 'Flooded during storm in garage', True),
('CLM00012', 'P00141', '2024-06-29', 2091.16, 'Under Review', 'Vandalism', 'Scratches and broken mirrors', True),
('CLM00013', 'P00424', '2025-11-07', 3972.42, 'Rejected', 'Fire', 'Engine fire due to overheating', False),
('CLM00014', 'P00270', '2025-01-24', 6665.46, 'Under Review', 'Theft', 'Vehicle stolen from home driveway', False),
('CLM00015', 'P00295', '2024-05-23', 9606.46, 'Under Review', 'Theft', 'Vehicle stolen from home driveway', True),
('CLM00016', 'P00282', '2025-04-26', 3983.22, 'Under Review', 'Fire', 'Engine fire due to overheating', True),
('CLM00017', 'P00149', '2025-02-28', 5730.01, 'Under Review', 'Vandalism', 'Scratches and broken mirrors', False),
('CLM00018', 'P00581', '2024-06-18', 7266.59, 'Approved', 'Collision', 'Rear-end collision on motorway', False),
('CLM00019', 'P00591', '2024-03-17', 1871.01, 'Under Review', 'Fire', 'Engine fire due to overheating', True),
('CLM00020', 'P00468', '2024-07-13', 4331.63, 'Under Review', 'Theft', 'Vehicle stolen from home driveway', True),
('CLM00021', 'P00590', '2024-08-21', 2795.01, 'Under Review', 'Fire', 'Engine fire due to overheating', True),
('CLM00022', 'P00436', '2024-08-29', 1865.29, 'Rejected', 'Fire', 'Engine fire due to overheating', False),
('CLM00023', 'P00113', '2024-03-29', 6532.57, 'Rejected', 'Theft', 'Vehicle stolen from home driveway', False),
('CLM00024', 'P00280', '2024-12-19', 9763.49, 'Rejected', 'Water Damage', 'Flooded during storm in garage', True),
('CLM00025', 'P00363', '2025-09-21', 8835.11, 'Under Review', 'Theft', 'Vehicle stolen from home driveway', False),
('CLM00026', 'P00548', '2023-09-21', 5421.99, 'Rejected', 'Vandalism', 'Scratches and broken mirrors', False),
('CLM00027', 'P00579', '2025-01-07', 3778.29, 'Under Review', 'Vandalism', 'Scratches and broken mirrors', True),
('CLM00028', 'P00124', '2025-06-26', 5629.66, 'Rejected', 'Theft', 'Vehicle stolen from home driveway', True),
('CLM00029', 'P00173', '2024-07-13', 5584.61, 'Approved', 'Water Damage', 'Flooded during storm in garage', True),
('CLM00030', 'P00563', '2024-09-01', 7998.09, 'Rejected', 'Collision', 'Rear-end collision on motorway', False),
('CLM00031', 'P00088', '2024-10-15', 5868.95, 'Rejected', 'Fire', 'Engine fire due to overheating', True),
('CLM00032', 'P00557', '2025-01-21', 8928.58, 'Rejected', 'Theft', 'Vehicle stolen from home driveway', False),
('CLM00033', 'P00403', '2024-05-10', 7511.41, 'Under Review', 'Collision', 'Rear-end collision on motorway', False),
('CLM00034', 'P00558', '2024-01-13', 8127.34, 'Approved', 'Vandalism', 'Scratches and broken mirrors', False),
('CLM00035', 'P00308', '2024-09-04', 6394.17, 'Approved', 'Water Damage', 'Flooded during storm in garage', True),
('CLM00036', 'P00507', '2023-12-01', 8872.86, 'Approved', 'Water Damage', 'Flooded during storm in garage', True),
('CLM00037', 'P00509', '2023-10-12', 9147.71, 'Under Review', 'Fire', 'Engine fire due to overheating', True),
('CLM00038', 'P00417', '2024-02-25', 2003.89, 'Rejected', 'Vandalism', 'Scratches and broken mirrors', True),
('CLM00039', 'P00207', '2024-05-28', 8633.57, 'Under Review', 'Water Damage', 'Flooded during storm in garage', True),
('CLM00040', 'P00235', '2024-11-05', 4154.27, 'Under Review', 'Fire', 'Engine fire due to overheating', False),
('CLM00041', 'P00134', '2024-08-29', 9861.63, 'Approved', 'Theft', 'Vehicle stolen from home driveway', True),
('CLM00042', 'P00504', '2024-06-01', 9610.06, 'Under Review', 'Theft', 'Vehicle stolen from home driveway', False),
('CLM00043', 'P00234', '2025-08-03', 3074.48, 'Rejected', 'Collision', 'Rear-end collision on motorway', False),
('CLM00044', 'P00449', '2025-07-20', 4217.74, 'Approved', 'Fire', 'Engine fire due to overheating', False),
('CLM00045', 'P00235', '2024-10-31', 9281.3, 'Under Review', 'Water Damage', 'Flooded during storm in garage', False),
('CLM00046', 'P00359', '2024-03-02', 3058.81, 'Rejected', 'Fire', 'Engine fire due to overheating', True),
('CLM00047', 'P00357', '2025-04-25', 7496.06, 'Approved', 'Theft', 'Vehicle stolen from home driveway', False),
('CLM00048', 'P00326', '2024-12-02', 2527.2, 'Approved', 'Water Damage', 'Flooded during storm in garage', True),
('CLM00049', 'P00151', '2024-03-21', 2883.2, 'Approved', 'Theft', 'Vehicle stolen from home driveway', True),
('CLM00050', 'P00550', '2025-01-22', 923.81, 'Approved', 'Water Damage', 'Flooded during storm in garage', False),
('CLM00051', 'P00282', '2024-12-21', 2382.48, 'Under Review', 'Vandalism', 'Scratches and broken mirrors', True),
('CLM00052', 'P00333', '2025-03-08', 6476.91, 'Under Review', 'Water Damage', 'Flooded during storm in garage', True),
('CLM00053', 'P00159', '2024-09-13', 6969.75, 'Rejected', 'Theft', 'Vehicle stolen from home driveway', True),
('CLM00054', 'P00457', '2023-12-29', 4416.07, 'Under Review', 'Collision', 'Rear-end collision on motorway', False),
('CLM00055', 'P00303', '2024-07-01', 3754.83, 'Rejected', 'Fire', 'Engine fire due to overheating', False),
('CLM00056', 'P00538', '2024-06-03', 3604.64, 'Approved', 'Collision', 'Rear-end collision on motorway', True),
('CLM00057', 'P00073', '2024-08-13', 2205.06, 'Under Review', 'Theft', 'Vehicle stolen from home driveway', False),
('CLM00058', 'P00214', '2024-04-16', 9250.98, 'Approved', 'Water Damage', 'Flooded during storm in garage', False),
('CLM00059', 'P00414', '2023-08-01', 5975.93, 'Approved', 'Water Damage', 'Flooded during storm in garage', False),
('CLM00060', 'P00024', '2024-09-05', 9232.45, 'Under Review', 'Collision', 'Rear-end collision on motorway', True),
('CLM00061', 'P00201', '2024-10-31', 7778.55, 'Under Review', 'Collision', 'Rear-end collision on motorway', True),
('CLM00062', 'P00566', '2024-07-30', 7527.38, 'Under Review', 'Water Damage', 'Flooded during storm in garage', False),
('CLM00063', 'P00036', '2024-03-18', 1631.26, 'Under Review', 'Vandalism', 'Scratches and broken mirrors', True),
('CLM00064', 'P00328', '2025-02-22', 3344.76, 'Approved', 'Fire', 'Engine fire due to overheating', True),
('CLM00065', 'P00347', '2024-06-12', 9831.57, 'Under Review', 'Collision', 'Rear-end collision on motorway', True),
('CLM00066', 'P00435', '2025-05-05', 3843.31, 'Approved', 'Fire', 'Engine fire due to overheating', True),
('CLM00067', 'P00337', '2025-11-03', 5804.89, 'Rejected', 'Vandalism', 'Scratches and broken mirrors', True),
('CLM00068', 'P00442', '2025-07-11', 3681.36, 'Rejected', 'Water Damage', 'Flooded during storm in garage', True),
('CLM00069', 'P00089', '2024-01-14', 8926.81, 'Under Review', 'Water Damage', 'Flooded during storm in garage', True),
('CLM00070', 'P00251', '2025-10-19', 9365.03, 'Rejected', 'Fire', 'Engine fire due to overheating', False),
('CLM00071', 'P00034', '2024-02-20', 1349.1, 'Under Review', 'Water Damage', 'Flooded during storm in garage', False),
('CLM00072', 'P00442', '2024-11-15', 3993.07, 'Under Review', 'Water Damage', 'Flooded during storm in garage', False),
('CLM00073', 'P00170', '2025-08-17', 9035.06, 'Under Review', 'Collision', 'Rear-end collision on motorway', True),
('CLM00074', 'P00264', '2025-02-16', 9866.56, 'Under Review', 'Vandalism', 'Scratches and broken mirrors', True),
('CLM00075', 'P00495', '2024-07-29', 9401.67, 'Under Review', 'Water Damage', 'Flooded during storm in garage', True),
('CLM00076', 'P00238', '2023-08-08', 695.03, 'Approved', 'Theft', 'Vehicle stolen from home driveway', False),
('CLM00077', 'P00051', '2024-10-06', 836.75, 'Under Review', 'Collision', 'Rear-end collision on motorway', True),
('CLM00078', 'P00301', '2023-06-12', 9838.6, 'Rejected', 'Theft', 'Vehicle stolen from home driveway', False),
('CLM00079', 'P00414', '2023-11-27', 7965.2, 'Under Review', 'Water Damage', 'Flooded during storm in garage', True),
('CLM00080', 'P00338', '2024-03-03', 7616.68, 'Rejected', 'Collision', 'Rear-end collision on motorway', False),
('CLM00081', 'P00133', '2024-02-14', 5406.15, 'Rejected', 'Collision', 'Rear-end collision on motorway', False),
('CLM00082', 'P00058', '2025-11-25', 9632.81, 'Rejected', 'Collision', 'Rear-end collision on motorway', False),
('CLM00083', 'P00024', '2024-10-11', 6446.41, 'Rejected', 'Vandalism', 'Scratches and broken mirrors', False),
('CLM00084', 'P00454', '2024-11-18', 7558.53, 'Rejected', 'Collision', 'Rear-end collision on motorway', False),
('CLM00085', 'P00211', '2025-06-09', 7571.76, 'Approved', 'Theft', 'Vehicle stolen from home driveway', False),
('CLM00086', 'P00409', '2025-01-11', 2571.4, 'Approved', 'Theft', 'Vehicle stolen from home driveway', False),
('CLM00087', 'P00185', '2024-08-17', 7758.24, 'Approved', 'Water Damage', 'Flooded during storm in garage', True),
('CLM00088', 'P00237', '2025-11-08', 2052.53, 'Approved', 'Theft', 'Vehicle stolen from home driveway', True),
('CLM00089', 'P00084', '2025-10-19', 5539.43, 'Rejected', 'Water Damage', 'Flooded during storm in garage', True),
('CLM00090', 'P00370', '2024-10-06', 9198.45, 'Rejected', 'Theft', 'Vehicle stolen from home driveway', False),
('CLM00091', 'P00500', '2025-05-30', 6229.1, 'Under Review', 'Collision', 'Rear-end collision on motorway', True),
('CLM00092', 'P00112', '2025-02-25', 3288.28, 'Approved', 'Vandalism', 'Scratches and broken mirrors', True),
('CLM00093', 'P00477', '2023-05-03', 5793.08, 'Approved', 'Vandalism', 'Scratches and broken mirrors', True),
('CLM00094', 'P00019', '2025-05-21', 6219.39, 'Under Review', 'Theft', 'Vehicle stolen from home driveway', True),
('CLM00095', 'P00423', '2024-09-29', 2934.32, 'Under Review', 'Theft', 'Vehicle stolen from home driveway', True),
('CLM00096', 'P00277', '2024-03-05', 3232.08, 'Rejected', 'Vandalism', 'Scratches and broken mirrors', False),
('CLM00097', 'P00074', '2025-04-13', 2833.18, 'Under Review', 'Fire', 'Engine fire due to overheating', True),
('CLM00098', 'P00077', '2024-01-08', 5370.87, 'Rejected', 'Vandalism', 'Scratches and broken mirrors', True),
('CLM00099', 'P00005', '2023-05-30', 1961.94, 'Approved', 'Vandalism', 'Scratches and broken mirrors', True),
('CLM00100', 'P00060', '2024-01-23', 7901.71, 'Rejected', 'Fire', 'Engine fire due to overheating', False),
('CLM00101', 'P00501', '2025-06-16', 4675.96, 'Under Review', 'Water Damage', 'Flooded during storm in garage', False),
('CLM00102', 'P00105', '2023-12-30', 4410.48, 'Under Review', 'Collision', 'Rear-end collision on motorway', False),
('CLM00103', 'P00037', '2024-06-24', 717.16, 'Approved', 'Fire', 'Engine fire due to overheating', False),
('CLM00104', 'P00541', '2025-06-26', 1275.14, 'Rejected', 'Water Damage', 'Flooded during storm in garage', False),
('CLM00105', 'P00018', '2025-07-23', 4996.99, 'Rejected', 'Water Damage', 'Flooded during storm in garage', False),
('CLM00106', 'P00073', '2024-06-12', 1208.74, 'Approved', 'Collision', 'Rear-end collision on motorway', False),
('CLM00107', 'P00104', '2023-08-09', 4265.56, 'Approved', 'Collision', 'Rear-end collision on motorway', False),
('CLM00108', 'P00471', '2025-03-08', 2510.47, 'Under Review', 'Collision', 'Rear-end collision on motorway', True),
('CLM00109', 'P00136', '2025-09-21', 2865.87, 'Approved', 'Theft', 'Vehicle stolen from home driveway', True),
('CLM00110', 'P00281', '2024-04-01', 2212.42, 'Approved', 'Theft', 'Vehicle stolen from home driveway', False),
('CLM00111', 'P00158', '2024-03-23', 9237.82, 'Rejected', 'Vandalism', 'Scratches and broken mirrors', True),
('CLM00112', 'P00590', '2024-10-11', 2290.02, 'Approved', 'Theft', 'Vehicle stolen from home driveway', False),
('CLM00113', 'P00355', '2025-03-14', 3635.99, 'Rejected', 'Theft', 'Vehicle stolen from home driveway', False),
('CLM00114', 'P00140', '2024-12-09', 5446.56, 'Under Review', 'Vandalism', 'Scratches and broken mirrors', False),
('CLM00115', 'P00036', '2023-08-26', 3843.03, 'Approved', 'Theft', 'Vehicle stolen from home driveway', True),
('CLM00116', 'P00134', '2024-09-21', 5265.61, 'Approved', 'Vandalism', 'Scratches and broken mirrors', True),
('CLM00117', 'P00240', '2025-03-20', 9162.91, 'Approved', 'Theft', 'Vehicle stolen from home driveway', True),
('CLM00118', 'P00170', '2026-03-09', 3227.21, 'Rejected', 'Theft', 'Vehicle stolen from home driveway', False),
('CLM00119', 'P00160', '2024-10-20', 2236.19, 'Approved', 'Collision', 'Rear-end collision on motorway', False),
('CLM00120', 'P00286', '2024-07-21', 4452.98, 'Approved', 'Collision', 'Rear-end collision on motorway', False),
('CLM00121', 'P00108', '2024-06-15', 8417.66, 'Under Review', 'Theft', 'Vehicle stolen from home driveway', False),
('CLM00122', 'P00293', '2024-06-25', 2655.92, 'Rejected', 'Fire', 'Engine fire due to overheating', False),
('CLM00123', 'P00420', '2024-09-08', 3317.82, 'Under Review', 'Water Damage', 'Flooded during storm in garage', False),
('CLM00124', 'P00378', '2023-11-14', 7622.96, 'Approved', 'Collision', 'Rear-end collision on motorway', True),
('CLM00125', 'P00378', '2024-02-05', 4144.61, 'Rejected', 'Vandalism', 'Scratches and broken mirrors', False),
('CLM00126', 'P00334', '2023-12-14', 8251.64, 'Under Review', 'Vandalism', 'Scratches and broken mirrors', False),
('CLM00127', 'P00488', '2024-12-05', 2604.2, 'Under Review', 'Vandalism', 'Scratches and broken mirrors', False),
('CLM00128', 'P00568', '2024-10-06', 5526.6, 'Approved', 'Theft', 'Vehicle stolen from home driveway', False),
('CLM00129', 'P00446', '2025-03-09', 1671.86, 'Under Review', 'Water Damage', 'Flooded during storm in garage', True),
('CLM00130', 'P00584', '2025-04-05', 4052.95, 'Approved', 'Collision', 'Rear-end collision on motorway', False),
('CLM00131', 'P00393', '2023-12-15', 5197.5, 'Under Review', 'Vandalism', 'Scratches and broken mirrors', True),
('CLM00132', 'P00194', '2025-10-28', 3112.46, 'Approved', 'Vandalism', 'Scratches and broken mirrors', False),
('CLM00133', 'P00262', '2025-06-22', 2637.6, 'Approved', 'Fire', 'Engine fire due to overheating', True),
('CLM00134', 'P00325', '2025-12-24', 1747.49, 'Rejected', 'Collision', 'Rear-end collision on motorway', False),
('CLM00135', 'P00349', '2025-01-17', 8660.72, 'Rejected', 'Water Damage', 'Flooded during storm in garage', False),
('CLM00136', 'P00014', '2024-09-10', 2935.64, 'Rejected', 'Fire', 'Engine fire due to overheating', True),
('CLM00137', 'P00041', '2025-01-25', 776.81, 'Rejected', 'Collision', 'Rear-end collision on motorway', True),
('CLM00138', 'P00091', '2025-06-02', 3272.36, 'Rejected', 'Collision', 'Rear-end collision on motorway', True),
('CLM00139', 'P00393', '2024-01-15', 7406.72, 'Under Review', 'Theft', 'Vehicle stolen from home driveway', True),
('CLM00140', 'P00394', '2024-12-04', 2157.3, 'Approved', 'Theft', 'Vehicle stolen from home driveway', True),
('CLM00141', 'P00375', '2024-02-23', 3084.25, 'Rejected', 'Fire', 'Engine fire due to overheating', True),
('CLM00142', 'P00010', '2024-11-29', 6886.9, 'Under Review', 'Water Damage', 'Flooded during storm in garage', True),
('CLM00143', 'P00537', '2023-10-20', 833.01, 'Under Review', 'Vandalism', 'Scratches and broken mirrors', True),
('CLM00144', 'P00594', '2024-09-28', 7268.8, 'Approved', 'Theft', 'Vehicle stolen from home driveway', False),
('CLM00145', 'P00589', '2024-07-03', 8902.52, 'Under Review', 'Collision', 'Rear-end collision on motorway', False),
('CLM00146', 'P00567', '2025-04-18', 968.59, 'Approved', 'Theft', 'Vehicle stolen from home driveway', False),
('CLM00147', 'P00364', '2024-01-26', 6063.13, 'Rejected', 'Fire', 'Engine fire due to overheating', False),
('CLM00148', 'P00553', '2025-01-14', 1872.55, 'Under Review', 'Fire', 'Engine fire due to overheating', True),
('CLM00149', 'P00075', '2023-12-20', 8818.6, 'Approved', 'Fire', 'Engine fire due to overheating', False),
('CLM00150', 'P00255', '2024-03-31', 5218.94, 'Rejected', 'Theft', 'Vehicle stolen from home driveway', True),
('CLM00151', 'P00072', '2024-12-25', 4535.19, 'Under Review', 'Fire', 'Engine fire due to overheating', True),
('CLM00152', 'P00125', '2023-12-27', 2293.42, 'Approved', 'Collision', 'Rear-end collision on motorway', True),
('CLM00153', 'P00484', '2023-11-30', 3969.09, 'Under Review', 'Vandalism', 'Scratches and broken mirrors', True),
('CLM00154', 'P00489', '2024-07-25', 6627.94, 'Rejected', 'Fire', 'Engine fire due to overheating', False),
('CLM00155', 'P00492', '2024-01-25', 5844.41, 'Under Review', 'Water Damage', 'Flooded during storm in garage', False),
('CLM00156', 'P00556', '2024-10-23', 4662.25, 'Rejected', 'Theft', 'Vehicle stolen from home driveway', True),
('CLM00157', 'P00568', '2024-07-20', 2243.41, 'Under Review', 'Vandalism', 'Scratches and broken mirrors', False),
('CLM00158', 'P00080', '2024-08-10', 8916.32, 'Approved', 'Fire', 'Engine fire due to overheating', False),
('CLM00159', 'P00466', '2024-04-07', 3227.42, 'Rejected', 'Vandalism', 'Scratches and broken mirrors', True),
('CLM00160', 'P00404', '2025-04-09', 2064.77, 'Approved', 'Fire', 'Engine fire due to overheating', False),
('CLM00161', 'P00554', '2025-10-20', 7475.13, 'Rejected', 'Vandalism', 'Scratches and broken mirrors', True),
('CLM00162', 'P00418', '2023-12-02', 7206.13, 'Rejected', 'Fire', 'Engine fire due to overheating', False),
('CLM00163', 'P00552', '2025-04-14', 3935.77, 'Approved', 'Water Damage', 'Flooded during storm in garage', True),
('CLM00164', 'P00388', '2024-03-28', 1621.56, 'Under Review', 'Water Damage', 'Flooded during storm in garage', True),
('CLM00165', 'P00200', '2025-09-14', 4785.24, 'Under Review', 'Theft', 'Vehicle stolen from home driveway', False),
('CLM00166', 'P00060', '2024-09-16', 7815.68, 'Approved', 'Vandalism', 'Scratches and broken mirrors', False),
('CLM00167', 'P00565', '2024-12-22', 1102.26, 'Rejected', 'Water Damage', 'Flooded during storm in garage', True),
('CLM00168', 'P00235', '2025-01-23', 6836.5, 'Rejected', 'Theft', 'Vehicle stolen from home driveway', False),
('CLM00169', 'P00039', '2025-01-22', 5304.37, 'Under Review', 'Vandalism', 'Scratches and broken mirrors', False),
('CLM00170', 'P00093', '2025-03-23', 3527.34, 'Rejected', 'Vandalism', 'Scratches and broken mirrors', False),
('CLM00171', 'P00135', '2024-01-31', 4477.65, 'Approved', 'Fire', 'Engine fire due to overheating', False),
('CLM00172', 'P00561', '2025-06-30', 543.55, 'Approved', 'Theft', 'Vehicle stolen from home driveway', True),
('CLM00173', 'P00357', '2025-01-22', 2196.01, 'Rejected', 'Collision', 'Rear-end collision on motorway', False),
('CLM00174', 'P00464', '2025-01-05', 7321.79, 'Under Review', 'Theft', 'Vehicle stolen from home driveway', False),
('CLM00175', 'P00442', '2025-03-15', 8544.31, 'Rejected', 'Collision', 'Rear-end collision on motorway', True),
('CLM00176', 'P00387', '2024-11-11', 6282.08, 'Approved', 'Fire', 'Engine fire due to overheating', False),
('CLM00177', 'P00370', '2025-04-24', 898.98, 'Rejected', 'Water Damage', 'Flooded during storm in garage', False),
('CLM00178', 'P00556', '2024-09-23', 8861.97, 'Rejected', 'Collision', 'Rear-end collision on motorway', False),
('CLM00179', 'P00292', '2024-02-22', 3159.97, 'Rejected', 'Collision', 'Rear-end collision on motorway', False),
('CLM00180', 'P00095', '2024-01-07', 8046.25, 'Rejected', 'Vandalism', 'Scratches and broken mirrors', False),
('CLM00181', 'P00075', '2024-03-28', 6453.59, 'Approved', 'Collision', 'Rear-end collision on motorway', False),
('CLM00182', 'P00144', '2025-01-21', 2188.11, 'Under Review', 'Collision', 'Rear-end collision on motorway', False),
('CLM00183', 'P00538', '2024-05-21', 2963.23, 'Rejected', 'Water Damage', 'Flooded during storm in garage', False),
('CLM00184', 'P00042', '2024-06-25', 4477.59, 'Under Review', 'Vandalism', 'Scratches and broken mirrors', True),
('CLM00185', 'P00059', '2024-05-05', 1455.26, 'Under Review', 'Water Damage', 'Flooded during storm in garage', False),
('CLM00186', 'P00460', '2024-09-16', 4015.45, 'Rejected', 'Theft', 'Vehicle stolen from home driveway', True),
('CLM00187', 'P00364', '2023-10-20', 605.81, 'Under Review', 'Water Damage', 'Flooded during storm in garage', False),
('CLM00188', 'P00142', '2025-08-25', 2527.97, 'Rejected', 'Collision', 'Rear-end collision on motorway', False),
('CLM00189', 'P00292', '2023-08-28', 6782.27, 'Under Review', 'Theft', 'Vehicle stolen from home driveway', False),
('CLM00190', 'P00407', '2025-03-06', 5003.96, 'Approved', 'Theft', 'Vehicle stolen from home driveway', True),
('CLM00191', 'P00485', '2024-03-21', 2243.99, 'Under Review', 'Collision', 'Rear-end collision on motorway', False),
('CLM00192', 'P00127', '2025-07-29', 8241.99, 'Under Review', 'Fire', 'Engine fire due to overheating', True),
('CLM00193', 'P00143', '2023-09-15', 6086.29, 'Approved', 'Fire', 'Engine fire due to overheating', True),
('CLM00194', 'P00102', '2023-12-16', 4074.51, 'Approved', 'Vandalism', 'Scratches and broken mirrors', True),
('CLM00195', 'P00410', '2025-01-25', 3058.69, 'Approved', 'Theft', 'Vehicle stolen from home driveway', True),
('CLM00196', 'P00222', '2024-04-19', 9975.12, 'Rejected', 'Vandalism', 'Scratches and broken mirrors', True),
('CLM00197', 'P00184', '2024-07-07', 959.32, 'Under Review', 'Vandalism', 'Scratches and broken mirrors', True),
('CLM00198', 'P00328', '2024-11-09', 4817.37, 'Under Review', 'Fire', 'Engine fire due to overheating', False),
('CLM00199', 'P00356', '2024-01-19', 2626.48, 'Rejected', 'Collision', 'Rear-end collision on motorway', False),
('CLM00200', 'P00243', '2024-02-21', 1939.42, 'Rejected', 'Collision', 'Rear-end collision on motorway', True),
('CLM00201', 'P00212', '2023-09-26', 1872.9, 'Approved', 'Vandalism', 'Scratches and broken mirrors', False),
('CLM00202', 'P00002', '2023-06-29', 4357.07, 'Approved', 'Theft', 'Vehicle stolen from home driveway', True),
('CLM00203', 'P00023', '2024-01-23', 9218.93, 'Rejected', 'Water Damage', 'Flooded during storm in garage', True),
('CLM00204', 'P00152', '2024-03-25', 8101.92, 'Under Review', 'Water Damage', 'Flooded during storm in garage', True),
('CLM00205', 'P00135', '2023-10-16', 2344.9, 'Approved', 'Fire', 'Engine fire due to overheating', True),
('CLM00206', 'P00575', '2024-01-10', 1798.99, 'Under Review', 'Vandalism', 'Scratches and broken mirrors', False),
('CLM00207', 'P00476', '2024-08-14', 4044.91, 'Approved', 'Water Damage', 'Flooded during storm in garage', True),
('CLM00208', 'P00387', '2024-11-23', 3502.49, 'Under Review', 'Fire', 'Engine fire due to overheating', False),
('CLM00209', 'P00067', '2025-12-31', 7637.64, 'Approved', 'Fire', 'Engine fire due to overheating', True),
('CLM00210', 'P00250', '2024-11-07', 3235.18, 'Under Review', 'Collision', 'Rear-end collision on motorway', True),
('CLM00211', 'P00562', '2024-09-08', 3219.72, 'Under Review', 'Fire', 'Engine fire due to overheating', True),
('CLM00212', 'P00464', '2024-03-26', 5645.47, 'Rejected', 'Theft', 'Vehicle stolen from home driveway', True),
('CLM00213', 'P00182', '2024-10-18', 5758.65, 'Rejected', 'Theft', 'Vehicle stolen from home driveway', True),
('CLM00214', 'P00208', '2024-08-31', 7288.36, 'Under Review', 'Water Damage', 'Flooded during storm in garage', True),
('CLM00215', 'P00568', '2024-12-15', 3960.42, 'Rejected', 'Water Damage', 'Flooded during storm in garage', False),
('CLM00216', 'P00039', '2025-06-13', 6381.65, 'Rejected', 'Theft', 'Vehicle stolen from home driveway', False),
('CLM00217', 'P00548', '2023-08-31', 4579.74, 'Approved', 'Fire', 'Engine fire due to overheating', True),
('CLM00218', 'P00582', '2025-03-18', 3177.75, 'Under Review', 'Theft', 'Vehicle stolen from home driveway', False),
('CLM00219', 'P00051', '2024-10-26', 645.76, 'Rejected', 'Collision', 'Rear-end collision on motorway', True),
('CLM00220', 'P00277', '2024-06-05', 6834.55, 'Under Review', 'Vandalism', 'Scratches and broken mirrors', True),
('CLM00221', 'P00107', '2025-08-12', 5369.81, 'Approved', 'Collision', 'Rear-end collision on motorway', False),
('CLM00222', 'P00474', '2024-02-23', 5419.09, 'Under Review', 'Theft', 'Vehicle stolen from home driveway', False),
('CLM00223', 'P00083', '2025-03-18', 7674.48, 'Rejected', 'Water Damage', 'Flooded during storm in garage', True),
('CLM00224', 'P00267', '2025-01-14', 793.87, 'Under Review', 'Theft', 'Vehicle stolen from home driveway', True),
('CLM00225', 'P00316', '2024-04-07', 5206.13, 'Under Review', 'Theft', 'Vehicle stolen from home driveway', True),
('CLM00226', 'P00153', '2024-03-11', 880.62, 'Under Review', 'Collision', 'Rear-end collision on motorway', True),
('CLM00227', 'P00223', '2023-09-25', 3069.26, 'Under Review', 'Vandalism', 'Scratches and broken mirrors', False),
('CLM00228', 'P00450', '2026-01-22', 9969.07, 'Under Review', 'Vandalism', 'Scratches and broken mirrors', False),
('CLM00229', 'P00193', '2024-04-02', 8001.27, 'Approved', 'Theft', 'Vehicle stolen from home driveway', True),
('CLM00230', 'P00336', '2025-10-21', 1868.23, 'Under Review', 'Collision', 'Rear-end collision on motorway', True),
('CLM00231', 'P00298', '2024-03-27', 5388.51, 'Under Review', 'Fire', 'Engine fire due to overheating', False),
('CLM00232', 'P00189', '2024-03-08', 2711.91, 'Approved', 'Water Damage', 'Flooded during storm in garage', False),
('CLM00233', 'P00098', '2024-07-30', 641.99, 'Approved', 'Water Damage', 'Flooded during storm in garage', True),
('CLM00234', 'P00218', '2024-10-03', 1269.95, 'Rejected', 'Collision', 'Rear-end collision on motorway', False),
('CLM00235', 'P00295', '2023-09-07', 786.93, 'Rejected', 'Vandalism', 'Scratches and broken mirrors', False),
('CLM00236', 'P00026', '2024-06-08', 7895.12, 'Rejected', 'Theft', 'Vehicle stolen from home driveway', True),
('CLM00237', 'P00226', '2024-06-05', 7495.42, 'Approved', 'Vandalism', 'Scratches and broken mirrors', False),
('CLM00238', 'P00217', '2024-05-27', 9250.92, 'Under Review', 'Water Damage', 'Flooded during storm in garage', True),
('CLM00239', 'P00470', '2025-03-23', 9292.11, 'Rejected', 'Water Damage', 'Flooded during storm in garage', True),
('CLM00240', 'P00098', '2024-10-01', 6947.56, 'Rejected', 'Collision', 'Rear-end collision on motorway', False),
('CLM00241', 'P00331', '2023-09-17', 6985.8, 'Under Review', 'Water Damage', 'Flooded during storm in garage', True),
('CLM00242', 'P00573', '2023-04-28', 7042.73, 'Rejected', 'Vandalism', 'Scratches and broken mirrors', True),
('CLM00243', 'P00429', '2024-05-08', 3792.28, 'Under Review', 'Theft', 'Vehicle stolen from home driveway', True),
('CLM00244', 'P00367', '2024-04-20', 9541.06, 'Rejected', 'Theft', 'Vehicle stolen from home driveway', False),
('CLM00245', 'P00016', '2024-07-15', 7627.74, 'Approved', 'Theft', 'Vehicle stolen from home driveway', True),
('CLM00246', 'P00598', '2023-10-08', 9747.24, 'Rejected', 'Water Damage', 'Flooded during storm in garage', False),
('CLM00247', 'P00561', '2025-11-01', 1267.21, 'Approved', 'Theft', 'Vehicle stolen from home driveway', False),
('CLM00248', 'P00577', '2025-01-24', 7136.72, 'Rejected', 'Theft', 'Vehicle stolen from home driveway', True),
('CLM00249', 'P00395', '2024-10-17', 5005.64, 'Under Review', 'Collision', 'Rear-end collision on motorway', True),
('CLM00250', 'P00025', '2024-10-30', 7935.98, 'Approved', 'Collision', 'Rear-end collision on motorway', True),
('CLM00251', 'P00198', '2025-04-25', 2785.8, 'Rejected', 'Vandalism', 'Scratches and broken mirrors', False),
('CLM00252', 'P00051', '2024-05-21', 8966.34, 'Rejected', 'Collision', 'Rear-end collision on motorway', True),
('CLM00253', 'P00356', '2024-10-04', 6866.49, 'Under Review', 'Collision', 'Rear-end collision on motorway', False),
('CLM00254', 'P00328', '2025-04-11', 7590.39, 'Under Review', 'Collision', 'Rear-end collision on motorway', False),
('CLM00255', 'P00336', '2025-07-27', 4396.71, 'Under Review', 'Collision', 'Rear-end collision on motorway', False),
('CLM00256', 'P00505', '2023-09-11', 1707.96, 'Approved', 'Fire', 'Engine fire due to overheating', True),
('CLM00257', 'P00266', '2025-01-05', 1379.54, 'Rejected', 'Theft', 'Vehicle stolen from home driveway', False),
('CLM00258', 'P00309', '2024-09-10', 6230.31, 'Under Review', 'Vandalism', 'Scratches and broken mirrors', True),
('CLM00259', 'P00229', '2024-02-24', 2727.4, 'Approved', 'Theft', 'Vehicle stolen from home driveway', False),
('CLM00260', 'P00438', '2024-01-17', 4334.57, 'Rejected', 'Vandalism', 'Scratches and broken mirrors', True),
('CLM00261', 'P00145', '2023-11-30', 1974.77, 'Under Review', 'Collision', 'Rear-end collision on motorway', True),
('CLM00262', 'P00580', '2025-09-16', 4170.78, 'Rejected', 'Water Damage', 'Flooded during storm in garage', True),
('CLM00263', 'P00098', '2024-08-20', 4629.98, 'Rejected', 'Fire', 'Engine fire due to overheating', False),
('CLM00264', 'P00109', '2024-04-01', 7347.72, 'Rejected', 'Vandalism', 'Scratches and broken mirrors', False),
('CLM00265', 'P00198', '2025-12-18', 6381.32, 'Approved', 'Theft', 'Vehicle stolen from home driveway', False),
('CLM00266', 'P00382', '2024-10-07', 4552.05, 'Rejected', 'Fire', 'Engine fire due to overheating', False),
('CLM00267', 'P00436', '2024-02-29', 6029.43, 'Under Review', 'Collision', 'Rear-end collision on motorway', False),
('CLM00268', 'P00410', '2025-04-22', 3771.59, 'Approved', 'Fire', 'Engine fire due to overheating', False),
('CLM00269', 'P00584', '2025-02-02', 512.37, 'Rejected', 'Vandalism', 'Scratches and broken mirrors', True),
('CLM00270', 'P00219', '2025-06-28', 3516.93, 'Rejected', 'Collision', 'Rear-end collision on motorway', False),
('CLM00271', 'P00142', '2025-03-07', 3934.49, 'Approved', 'Collision', 'Rear-end collision on motorway', True),
('CLM00272', 'P00128', '2024-07-20', 5223.34, 'Approved', 'Water Damage', 'Flooded during storm in garage', False),
('CLM00273', 'P00564', '2024-03-22', 7790.26, 'Rejected', 'Water Damage', 'Flooded during storm in garage', True),
('CLM00274', 'P00187', '2023-12-10', 5748.11, 'Approved', 'Collision', 'Rear-end collision on motorway', False),
('CLM00275', 'P00098', '2024-12-17', 3625.81, 'Rejected', 'Collision', 'Rear-end collision on motorway', True),
('CLM00276', 'P00568', '2024-11-19', 5719.94, 'Approved', 'Collision', 'Rear-end collision on motorway', False),
('CLM00277', 'P00567', '2025-01-06', 2512.78, 'Rejected', 'Water Damage', 'Flooded during storm in garage', True),
('CLM00278', 'P00022', '2024-04-17', 9988.02, 'Approved', 'Collision', 'Rear-end collision on motorway', False),
('CLM00279', 'P00552', '2025-08-04', 8689.2, 'Approved', 'Vandalism', 'Scratches and broken mirrors', False),
('CLM00280', 'P00366', '2023-12-14', 6958.06, 'Under Review', 'Water Damage', 'Flooded during storm in garage', True),
('CLM00281', 'P00008', '2025-07-05', 7270.93, 'Approved', 'Theft', 'Vehicle stolen from home driveway', True),
('CLM00282', 'P00293', '2024-12-01', 2320.81, 'Rejected', 'Collision', 'Rear-end collision on motorway', False),
('CLM00283', 'P00186', '2023-07-24', 2051.58, 'Approved', 'Vandalism', 'Scratches and broken mirrors', False),
('CLM00284', 'P00428', '2025-01-15', 7458.94, 'Rejected', 'Fire', 'Engine fire due to overheating', True),
('CLM00285', 'P00446', '2025-04-19', 576.81, 'Rejected', 'Water Damage', 'Flooded during storm in garage', True),
('CLM00286', 'P00051', '2024-04-19', 3615.32, 'Approved', 'Vandalism', 'Scratches and broken mirrors', True),
('CLM00287', 'P00141', '2024-03-02', 8253.81, 'Under Review', 'Water Damage', 'Flooded during storm in garage', True),
('CLM00288', 'P00461', '2023-12-02', 865.58, 'Under Review', 'Vandalism', 'Scratches and broken mirrors', False),
('CLM00289', 'P00014', '2024-07-27', 2810.98, 'Approved', 'Theft', 'Vehicle stolen from home driveway', False),
('CLM00290', 'P00031', '2024-11-04', 1700.84, 'Approved', 'Collision', 'Rear-end collision on motorway', False),
('CLM00291', 'P00587', '2025-08-02', 3777.75, 'Under Review', 'Fire', 'Engine fire due to overheating', True),
('CLM00292', 'P00145', '2024-07-14', 3139.22, 'Approved', 'Water Damage', 'Flooded during storm in garage', True),
('CLM00293', 'P00362', '2024-06-16', 3874.95, 'Rejected', 'Theft', 'Vehicle stolen from home driveway', True),
('CLM00294', 'P00143', '2023-12-13', 6314.86, 'Approved', 'Collision', 'Rear-end collision on motorway', False),
('CLM00295', 'P00355', '2024-12-08', 2886.85, 'Rejected', 'Vandalism', 'Scratches and broken mirrors', True),
('CLM00296', 'P00211', '2025-11-23', 7669.32, 'Approved', 'Collision', 'Rear-end collision on motorway', True),
('CLM00297', 'P00092', '2023-10-05', 8560.16, 'Rejected', 'Vandalism', 'Scratches and broken mirrors', False),
('CLM00298', 'P00399', '2025-06-16', 1705.06, 'Approved', 'Theft', 'Vehicle stolen from home driveway', True),
('CLM00299', 'P00284', '2024-10-18', 1838.48, 'Rejected', 'Collision', 'Rear-end collision on motorway', False),
('CLM00300', 'P00007', '2023-08-12', 6237.18, 'Under Review', 'Vandalism', 'Scratches and broken mirrors', False),
('CLM00301', 'P00186', '2024-03-24', 2268.59, 'Under Review', 'Collision', 'Rear-end collision on motorway', True),
('CLM00302', 'P00054', '2024-12-16', 1615.85, 'Approved', 'Collision', 'Rear-end collision on motorway', True),
('CLM00303', 'P00428', '2024-11-30', 2599.29, 'Approved', 'Water Damage', 'Flooded during storm in garage', True),
('CLM00304', 'P00558', '2023-05-14', 8262.77, 'Rejected', 'Theft', 'Vehicle stolen from home driveway', False),
('CLM00305', 'P00567', '2025-11-09', 3745.76, 'Approved', 'Theft', 'Vehicle stolen from home driveway', True),
('CLM00306', 'P00217', '2024-07-25', 5955.35, 'Under Review', 'Theft', 'Vehicle stolen from home driveway', False),
('CLM00307', 'P00040', '2025-02-10', 1396.74, 'Rejected', 'Collision', 'Rear-end collision on motorway', True),
('CLM00308', 'P00078', '2025-02-06', 3235.96, 'Under Review', 'Water Damage', 'Flooded during storm in garage', False),
('CLM00309', 'P00039', '2024-08-10', 4541.6, 'Rejected', 'Theft', 'Vehicle stolen from home driveway', False),
('CLM00310', 'P00011', '2024-11-06', 7055.5, 'Under Review', 'Theft', 'Vehicle stolen from home driveway', False),
('CLM00311', 'P00026', '2024-05-23', 9855.65, 'Approved', 'Fire', 'Engine fire due to overheating', False),
('CLM00312', 'P00125', '2024-03-02', 9353.66, 'Approved', 'Theft', 'Vehicle stolen from home driveway', False),
('CLM00313', 'P00078', '2024-12-18', 7061.14, 'Rejected', 'Theft', 'Vehicle stolen from home driveway', True),
('CLM00314', 'P00346', '2024-06-15', 4157.63, 'Rejected', 'Water Damage', 'Flooded during storm in garage', False),
('CLM00315', 'P00096', '2025-08-16', 1964.1, 'Rejected', 'Vandalism', 'Scratches and broken mirrors', True),
('CLM00316', 'P00099', '2024-04-23', 3962.26, 'Approved', 'Theft', 'Vehicle stolen from home driveway', True),
('CLM00317', 'P00530', '2025-01-20', 9177.15, 'Approved', 'Water Damage', 'Flooded during storm in garage', True),
('CLM00318', 'P00074', '2024-10-05', 8655.27, 'Under Review', 'Collision', 'Rear-end collision on motorway', True),
('CLM00319', 'P00356', '2024-06-01', 6430.4, 'Under Review', 'Theft', 'Vehicle stolen from home driveway', True),
('CLM00320', 'P00407', '2025-01-25', 2030.31, 'Approved', 'Theft', 'Vehicle stolen from home driveway', True),
('CLM00321', 'P00071', '2024-11-07', 3256.7, 'Rejected', 'Theft', 'Vehicle stolen from home driveway', False),
('CLM00322', 'P00466', '2024-04-20', 806.12, 'Approved', 'Water Damage', 'Flooded during storm in garage', False),
('CLM00323', 'P00242', '2025-07-07', 7805.95, 'Rejected', 'Vandalism', 'Scratches and broken mirrors', True),
('CLM00324', 'P00469', '2024-05-08', 3138.54, 'Rejected', 'Collision', 'Rear-end collision on motorway', False),
('CLM00325', 'P00199', '2025-03-22', 9948.57, 'Approved', 'Theft', 'Vehicle stolen from home driveway', False),
('CLM00326', 'P00372', '2023-07-16', 1089.0, 'Under Review', 'Collision', 'Rear-end collision on motorway', False),
('CLM00327', 'P00017', '2024-01-08', 6443.39, 'Approved', 'Theft', 'Vehicle stolen from home driveway', True),
('CLM00328', 'P00130', '2025-08-25', 8969.0, 'Under Review', 'Vandalism', 'Scratches and broken mirrors', True),
('CLM00329', 'P00168', '2026-01-06', 7781.74, 'Approved', 'Water Damage', 'Flooded during storm in garage', False),
('CLM00330', 'P00253', '2025-11-18', 1927.23, 'Under Review', 'Collision', 'Rear-end collision on motorway', False),
('CLM00331', 'P00111', '2023-12-17', 4094.4, 'Approved', 'Vandalism', 'Scratches and broken mirrors', False),
('CLM00332', 'P00544', '2025-04-04', 1076.52, 'Approved', 'Water Damage', 'Flooded during storm in garage', False),
('CLM00333', 'P00371', '2025-10-13', 9185.76, 'Under Review', 'Vandalism', 'Scratches and broken mirrors', True),
('CLM00334', 'P00439', '2025-05-20', 5740.22, 'Under Review', 'Collision', 'Rear-end collision on motorway', False),
('CLM00335', 'P00315', '2024-08-31', 3796.0, 'Rejected', 'Collision', 'Rear-end collision on motorway', False),
('CLM00336', 'P00348', '2024-11-27', 7623.52, 'Under Review', 'Fire', 'Engine fire due to overheating', False),
('CLM00337', 'P00425', '2024-12-27', 2478.0, 'Under Review', 'Water Damage', 'Flooded during storm in garage', True),
('CLM00338', 'P00562', '2024-06-30', 6634.8, 'Approved', 'Fire', 'Engine fire due to overheating', True),
('CLM00339', 'P00329', '2024-11-29', 2885.0, 'Rejected', 'Theft', 'Vehicle stolen from home driveway', False),
('CLM00340', 'P00301', '2023-11-10', 1826.18, 'Rejected', 'Theft', 'Vehicle stolen from home driveway', False),
('CLM00341', 'P00517', '2024-05-18', 6484.41, 'Rejected', 'Water Damage', 'Flooded during storm in garage', False),
('CLM00342', 'P00319', '2025-03-06', 3930.97, 'Rejected', 'Theft', 'Vehicle stolen from home driveway', True),
('CLM00343', 'P00149', '2025-01-14', 5826.8, 'Approved', 'Theft', 'Vehicle stolen from home driveway', False),
('CLM00344', 'P00242', '2025-02-04', 3945.26, 'Under Review', 'Water Damage', 'Flooded during storm in garage', True),
('CLM00345', 'P00394', '2024-09-24', 6537.45, 'Rejected', 'Fire', 'Engine fire due to overheating', False),
('CLM00346', 'P00563', '2024-01-04', 3641.74, 'Approved', 'Theft', 'Vehicle stolen from home driveway', False),
('CLM00347', 'P00096', '2025-11-02', 7577.08, 'Approved', 'Vandalism', 'Scratches and broken mirrors', True),
('CLM00348', 'P00379', '2025-02-08', 550.64, 'Approved', 'Water Damage', 'Flooded during storm in garage', True),
('CLM00349', 'P00274', '2024-09-07', 8573.37, 'Approved', 'Theft', 'Vehicle stolen from home driveway', True),
('CLM00350', 'P00353', '2024-07-15', 7304.86, 'Rejected', 'Collision', 'Rear-end collision on motorway', True),
('CLM00351', 'P00447', '2025-06-05', 8415.18, 'Approved', 'Fire', 'Engine fire due to overheating', False),
('CLM00352', 'P00089', '2024-01-23', 6848.62, 'Rejected', 'Theft', 'Vehicle stolen from home driveway', False),
('CLM00353', 'P00114', '2024-10-06', 5203.22, 'Approved', 'Vandalism', 'Scratches and broken mirrors', True),
('CLM00354', 'P00266', '2024-04-16', 763.84, 'Approved', 'Vandalism', 'Scratches and broken mirrors', False),
('CLM00355', 'P00336', '2025-05-08', 8024.02, 'Under Review', 'Theft', 'Vehicle stolen from home driveway', True),
('CLM00356', 'P00027', '2025-03-25', 3889.95, 'Under Review', 'Theft', 'Vehicle stolen from home driveway', True),
('CLM00357', 'P00474', '2024-12-13', 4874.99, 'Under Review', 'Collision', 'Rear-end collision on motorway', True),
('CLM00358', 'P00013', '2025-07-09', 6781.32, 'Approved', 'Collision', 'Rear-end collision on motorway', False),
('CLM00359', 'P00012', '2024-04-21', 3730.41, 'Rejected', 'Water Damage', 'Flooded during storm in garage', False),
('CLM00360', 'P00361', '2024-05-13', 3298.61, 'Approved', 'Theft', 'Vehicle stolen from home driveway', True),
('CLM00361', 'P00534', '2025-10-25', 3643.9, 'Approved', 'Vandalism', 'Scratches and broken mirrors', False),
('CLM00362', 'P00554', '2025-02-16', 1181.21, 'Approved', 'Water Damage', 'Flooded during storm in garage', True),
('CLM00363', 'P00033', '2024-07-06', 8408.58, 'Approved', 'Fire', 'Engine fire due to overheating', True),
('CLM00364', 'P00173', '2024-09-11', 6381.52, 'Rejected', 'Vandalism', 'Scratches and broken mirrors', False),
('CLM00365', 'P00461', '2024-04-29', 9541.02, 'Rejected', 'Water Damage', 'Flooded during storm in garage', True),
('CLM00366', 'P00555', '2024-04-06', 4481.91, 'Under Review', 'Water Damage', 'Flooded during storm in garage', False),
('CLM00367', 'P00296', '2023-09-13', 8438.82, 'Under Review', 'Collision', 'Rear-end collision on motorway', False),
('CLM00368', 'P00499', '2025-02-20', 9080.64, 'Approved', 'Water Damage', 'Flooded during storm in garage', True),
('CLM00369', 'P00515', '2024-09-17', 9979.68, 'Approved', 'Water Damage', 'Flooded during storm in garage', True),
('CLM00370', 'P00225', '2025-03-27', 6071.87, 'Rejected', 'Collision', 'Rear-end collision on motorway', False),
('CLM00371', 'P00183', '2024-06-11', 2155.25, 'Approved', 'Water Damage', 'Flooded during storm in garage', False),
('CLM00372', 'P00543', '2025-01-22', 7230.1, 'Approved', 'Collision', 'Rear-end collision on motorway', True),
('CLM00373', 'P00284', '2025-03-20', 2525.16, 'Approved', 'Collision', 'Rear-end collision on motorway', False),
('CLM00374', 'P00006', '2023-07-24', 7988.9, 'Approved', 'Water Damage', 'Flooded during storm in garage', True),
('CLM00375', 'P00504', '2024-11-27', 8714.34, 'Approved', 'Theft', 'Vehicle stolen from home driveway', False),
('CLM00376', 'P00055', '2024-02-18', 3580.19, 'Under Review', 'Vandalism', 'Scratches and broken mirrors', True),
('CLM00377', 'P00199', '2025-03-07', 584.24, 'Approved', 'Theft', 'Vehicle stolen from home driveway', False),
('CLM00378', 'P00119', '2023-08-24', 1951.49, 'Approved', 'Vandalism', 'Scratches and broken mirrors', True),
('CLM00379', 'P00375', '2024-03-01', 3506.12, 'Approved', 'Fire', 'Engine fire due to overheating', True),
('CLM00380', 'P00319', '2024-11-12', 864.53, 'Rejected', 'Collision', 'Rear-end collision on motorway', True),
('CLM00381', 'P00190', '2023-11-25', 8162.7, 'Rejected', 'Vandalism', 'Scratches and broken mirrors', True),
('CLM00382', 'P00097', '2025-05-29', 6463.55, 'Approved', 'Vandalism', 'Scratches and broken mirrors', False),
('CLM00383', 'P00140', '2024-11-25', 2018.65, 'Rejected', 'Fire', 'Engine fire due to overheating', True),
('CLM00384', 'P00245', '2024-05-29', 1570.09, 'Under Review', 'Collision', 'Rear-end collision on motorway', True),
('CLM00385', 'P00267', '2025-09-12', 7813.31, 'Rejected', 'Vandalism', 'Scratches and broken mirrors', False),
('CLM00386', 'P00546', '2024-03-07', 8899.9, 'Under Review', 'Water Damage', 'Flooded during storm in garage', False),
('CLM00387', 'P00251', '2025-11-21', 7836.0, 'Rejected', 'Collision', 'Rear-end collision on motorway', False),
('CLM00388', 'P00392', '2024-10-24', 8125.02, 'Approved', 'Fire', 'Engine fire due to overheating', False),
('CLM00389', 'P00409', '2025-06-25', 7832.99, 'Rejected', 'Collision', 'Rear-end collision on motorway', False),
('CLM00390', 'P00218', '2024-07-04', 1347.67, 'Rejected', 'Water Damage', 'Flooded during storm in garage', False),
('CLM00391', 'P00384', '2024-12-21', 4082.27, 'Rejected', 'Vandalism', 'Scratches and broken mirrors', False),
('CLM00392', 'P00456', '2025-03-04', 4781.07, 'Under Review', 'Water Damage', 'Flooded during storm in garage', False),
('CLM00393', 'P00079', '2023-06-11', 8685.9, 'Under Review', 'Theft', 'Vehicle stolen from home driveway', True),
('CLM00394', 'P00426', '2024-02-25', 3718.65, 'Rejected', 'Vandalism', 'Scratches and broken mirrors', True),
('CLM00395', 'P00158', '2024-06-19', 2793.34, 'Approved', 'Vandalism', 'Scratches and broken mirrors', True),
('CLM00396', 'P00411', '2024-06-03', 7970.43, 'Approved', 'Collision', 'Rear-end collision on motorway', True),
('CLM00397', 'P00133', '2024-04-22', 5468.09, 'Rejected', 'Theft', 'Vehicle stolen from home driveway', False),
('CLM00398', 'P00269', '2024-07-08', 6705.54, 'Under Review', 'Water Damage', 'Flooded during storm in garage', False),
('CLM00399', 'P00235', '2024-10-03', 4962.67, 'Approved', 'Fire', 'Engine fire due to overheating', True),
('CLM00400', 'P00238', '2024-03-12', 7034.16, 'Under Review', 'Fire', 'Engine fire due to overheating', True),
('CLM00401', 'P00172', '2024-03-19', 8371.2, 'Under Review', 'Collision', 'Rear-end collision on motorway', False),
('CLM00402', 'P00312', '2024-08-28', 8013.67, 'Rejected', 'Vandalism', 'Scratches and broken mirrors', False),
('CLM00403', 'P00007', '2023-12-03', 4028.3, 'Rejected', 'Vandalism', 'Scratches and broken mirrors', False),
('CLM00404', 'P00317', '2024-03-27', 2402.2, 'Rejected', 'Fire', 'Engine fire due to overheating', True),
('CLM00405', 'P00196', '2024-08-15', 2122.89, 'Rejected', 'Vandalism', 'Scratches and broken mirrors', True),
('CLM00406', 'P00207', '2024-09-14', 5494.76, 'Approved', 'Fire', 'Engine fire due to overheating', True),
('CLM00407', 'P00305', '2025-03-06', 5104.98, 'Under Review', 'Vandalism', 'Scratches and broken mirrors', False),
('CLM00408', 'P00510', '2023-07-28', 2965.45, 'Approved', 'Collision', 'Rear-end collision on motorway', False),
('CLM00409', 'P00089', '2024-04-20', 5178.75, 'Rejected', 'Fire', 'Engine fire due to overheating', False),
('CLM00410', 'P00256', '2024-05-07', 7765.66, 'Approved', 'Water Damage', 'Flooded during storm in garage', True),
('CLM00411', 'P00591', '2023-07-23', 5196.17, 'Rejected', 'Vandalism', 'Scratches and broken mirrors', False),
('CLM00412', 'P00361', '2023-12-27', 7811.28, 'Approved', 'Fire', 'Engine fire due to overheating', True),
('CLM00413', 'P00321', '2024-07-29', 7926.31, 'Rejected', 'Collision', 'Rear-end collision on motorway', False),
('CLM00414', 'P00156', '2024-09-09', 5767.93, 'Rejected', 'Vandalism', 'Scratches and broken mirrors', False),
('CLM00415', 'P00579', '2024-11-22', 6366.21, 'Under Review', 'Theft', 'Vehicle stolen from home driveway', False),
('CLM00416', 'P00222', '2024-05-14', 9284.87, 'Approved', 'Collision', 'Rear-end collision on motorway', True),
('CLM00417', 'P00491', '2024-04-03', 2620.7, 'Rejected', 'Theft', 'Vehicle stolen from home driveway', True),
('CLM00418', 'P00219', '2025-09-13', 2597.13, 'Under Review', 'Water Damage', 'Flooded during storm in garage', True),
('CLM00419', 'P00236', '2025-03-20', 8645.58, 'Under Review', 'Vandalism', 'Scratches and broken mirrors', False),
('CLM00420', 'P00440', '2024-09-01', 4873.06, 'Rejected', 'Theft', 'Vehicle stolen from home driveway', False),
('CLM00421', 'P00115', '2024-12-06', 1362.8, 'Approved', 'Fire', 'Engine fire due to overheating', False),
('CLM00422', 'P00249', '2024-08-06', 6800.12, 'Rejected', 'Theft', 'Vehicle stolen from home driveway', True),
('CLM00423', 'P00401', '2024-12-25', 4094.35, 'Rejected', 'Vandalism', 'Scratches and broken mirrors', False),
('CLM00424', 'P00119', '2023-07-15', 5691.54, 'Under Review', 'Collision', 'Rear-end collision on motorway', False),
('CLM00425', 'P00002', '2023-07-06', 684.96, 'Under Review', 'Vandalism', 'Scratches and broken mirrors', True),
('CLM00426', 'P00407', '2024-11-24', 1013.57, 'Under Review', 'Vandalism', 'Scratches and broken mirrors', True),
('CLM00427', 'P00479', '2024-09-15', 3020.59, 'Rejected', 'Collision', 'Rear-end collision on motorway', False),
('CLM00428', 'P00401', '2024-12-08', 698.72, 'Under Review', 'Collision', 'Rear-end collision on motorway', True),
('CLM00429', 'P00517', '2024-05-20', 1669.56, 'Approved', 'Fire', 'Engine fire due to overheating', True),
('CLM00430', 'P00449', '2025-01-07', 6734.8, 'Rejected', 'Vandalism', 'Scratches and broken mirrors', True),
('CLM00431', 'P00399', '2024-11-12', 2027.49, 'Approved', 'Vandalism', 'Scratches and broken mirrors', True),
('CLM00432', 'P00436', '2023-11-04', 2791.94, 'Under Review', 'Fire', 'Engine fire due to overheating', False),
('CLM00433', 'P00525', '2025-07-03', 1697.52, 'Under Review', 'Water Damage', 'Flooded during storm in garage', False),
('CLM00434', 'P00044', '2025-10-24', 2509.63, 'Approved', 'Water Damage', 'Flooded during storm in garage', False),
('CLM00435', 'P00484', '2023-11-07', 9479.15, 'Approved', 'Vandalism', 'Scratches and broken mirrors', False),
('CLM00436', 'P00513', '2024-09-28', 8426.63, 'Under Review', 'Fire', 'Engine fire due to overheating', False),
('CLM00437', 'P00318', '2025-09-25', 6962.89, 'Approved', 'Collision', 'Rear-end collision on motorway', True),
('CLM00438', 'P00044', '2025-10-05', 8687.3, 'Approved', 'Theft', 'Vehicle stolen from home driveway', True),
('CLM00439', 'P00093', '2026-01-06', 6575.08, 'Rejected', 'Fire', 'Engine fire due to overheating', True),
('CLM00440', 'P00364', '2023-10-27', 4827.12, 'Approved', 'Fire', 'Engine fire due to overheating', False),
('CLM00441', 'P00229', '2024-03-17', 8927.22, 'Under Review', 'Water Damage', 'Flooded during storm in garage', True),
('CLM00442', 'P00556', '2025-03-03', 5211.35, 'Under Review', 'Fire', 'Engine fire due to overheating', False),
('CLM00443', 'P00137', '2024-02-15', 5362.49, 'Under Review', 'Water Damage', 'Flooded during storm in garage', True),
('CLM00444', 'P00428', '2024-08-06', 6534.81, 'Approved', 'Theft', 'Vehicle stolen from home driveway', False),
('CLM00445', 'P00030', '2023-07-25', 6232.02, 'Rejected', 'Fire', 'Engine fire due to overheating', True),
('CLM00446', 'P00485', '2024-09-15', 6296.91, 'Rejected', 'Vandalism', 'Scratches and broken mirrors', True),
('CLM00447', 'P00181', '2025-08-25', 3120.04, 'Under Review', 'Collision', 'Rear-end collision on motorway', False),
('CLM00448', 'P00278', '2023-07-11', 2424.38, 'Approved', 'Fire', 'Engine fire due to overheating', True),
('CLM00449', 'P00465', '2025-02-23', 7024.57, 'Under Review', 'Fire', 'Engine fire due to overheating', True),
('CLM00450', 'P00028', '2024-05-11', 3924.71, 'Approved', 'Collision', 'Rear-end collision on motorway', True),
('CLM00451', 'P00490', '2024-10-18', 6385.14, 'Approved', 'Theft', 'Vehicle stolen from home driveway', True),
('CLM00452', 'P00203', '2024-12-23', 4188.57, 'Approved', 'Vandalism', 'Scratches and broken mirrors', True),
('CLM00453', 'P00535', '2024-11-30', 2742.75, 'Rejected', 'Fire', 'Engine fire due to overheating', False),
('CLM00454', 'P00063', '2024-01-10', 1971.17, 'Approved', 'Theft', 'Vehicle stolen from home driveway', False),
('CLM00455', 'P00181', '2025-06-09', 7304.45, 'Approved', 'Collision', 'Rear-end collision on motorway', False),
('CLM00456', 'P00260', '2024-08-10', 1028.57, 'Rejected', 'Collision', 'Rear-end collision on motorway', True),
('CLM00457', 'P00507', '2024-02-22', 2144.97, 'Rejected', 'Fire', 'Engine fire due to overheating', False),
('CLM00458', 'P00148', '2025-12-15', 4231.45, 'Approved', 'Vandalism', 'Scratches and broken mirrors', False),
('CLM00459', 'P00542', '2024-08-20', 4067.25, 'Rejected', 'Collision', 'Rear-end collision on motorway', True),
('CLM00460', 'P00125', '2024-02-24', 8180.23, 'Under Review', 'Theft', 'Vehicle stolen from home driveway', True),
('CLM00461', 'P00362', '2024-10-26', 1344.47, 'Approved', 'Vandalism', 'Scratches and broken mirrors', True),
('CLM00462', 'P00161', '2024-09-18', 6848.97, 'Rejected', 'Fire', 'Engine fire due to overheating', False),
('CLM00463', 'P00074', '2024-10-31', 8108.82, 'Rejected', 'Water Damage', 'Flooded during storm in garage', False),
('CLM00464', 'P00402', '2025-10-26', 9097.38, 'Approved', 'Fire', 'Engine fire due to overheating', False),
('CLM00465', 'P00221', '2025-08-06', 4666.18, 'Rejected', 'Fire', 'Engine fire due to overheating', False),
('CLM00466', 'P00190', '2024-08-21', 6130.37, 'Approved', 'Vandalism', 'Scratches and broken mirrors', True),
('CLM00467', 'P00218', '2024-08-16', 3521.65, 'Rejected', 'Fire', 'Engine fire due to overheating', True),
('CLM00468', 'P00566', '2025-01-22', 5971.68, 'Approved', 'Collision', 'Rear-end collision on motorway', True),
('CLM00469', 'P00027', '2024-11-11', 5466.16, 'Rejected', 'Fire', 'Engine fire due to overheating', True),
('CLM00470', 'P00275', '2026-01-22', 2928.24, 'Rejected', 'Fire', 'Engine fire due to overheating', True),
('CLM00471', 'P00068', '2023-07-12', 8055.74, 'Approved', 'Water Damage', 'Flooded during storm in garage', True),
('CLM00472', 'P00252', '2025-02-07', 2599.24, 'Rejected', 'Vandalism', 'Scratches and broken mirrors', True),
('CLM00473', 'P00357', '2024-09-22', 4022.52, 'Rejected', 'Collision', 'Rear-end collision on motorway', True),
('CLM00474', 'P00124', '2025-03-23', 5840.2, 'Under Review', 'Water Damage', 'Flooded during storm in garage', False),
('CLM00475', 'P00228', '2025-01-22', 2286.86, 'Under Review', 'Vandalism', 'Scratches and broken mirrors', True),
('CLM00476', 'P00413', '2025-05-08', 7278.37, 'Approved', 'Water Damage', 'Flooded during storm in garage', True),
('CLM00477', 'P00044', '2025-09-17', 8026.86, 'Rejected', 'Theft', 'Vehicle stolen from home driveway', False),
('CLM00478', 'P00309', '2024-09-19', 8043.57, 'Approved', 'Fire', 'Engine fire due to overheating', True),
('CLM00479', 'P00073', '2024-12-10', 2571.97, 'Under Review', 'Water Damage', 'Flooded during storm in garage', True),
('CLM00480', 'P00425', '2025-01-12', 2194.99, 'Approved', 'Fire', 'Engine fire due to overheating', True),
('CLM00481', 'P00309', '2024-05-03', 1855.36, 'Approved', 'Fire', 'Engine fire due to overheating', False),
('CLM00482', 'P00139', '2024-09-04', 3713.29, 'Approved', 'Collision', 'Rear-end collision on motorway', True),
('CLM00483', 'P00252', '2024-03-29', 699.16, 'Under Review', 'Theft', 'Vehicle stolen from home driveway', False),
('CLM00484', 'P00365', '2024-06-09', 7410.44, 'Approved', 'Vandalism', 'Scratches and broken mirrors', True),
('CLM00485', 'P00327', '2024-10-13', 4068.46, 'Rejected', 'Theft', 'Vehicle stolen from home driveway', False),
('CLM00486', 'P00460', '2024-10-18', 5979.29, 'Approved', 'Water Damage', 'Flooded during storm in garage', False),
('CLM00487', 'P00432', '2024-02-14', 8576.6, 'Under Review', 'Water Damage', 'Flooded during storm in garage', False),
('CLM00488', 'P00443', '2025-05-15', 2098.13, 'Under Review', 'Collision', 'Rear-end collision on motorway', False),
('CLM00489', 'P00012', '2024-05-16', 9265.26, 'Approved', 'Fire', 'Engine fire due to overheating', True),
('CLM00490', 'P00591', '2023-10-12', 1342.18, 'Under Review', 'Theft', 'Vehicle stolen from home driveway', True),
('CLM00491', 'P00232', '2026-01-02', 9238.43, 'Approved', 'Vandalism', 'Scratches and broken mirrors', True),
('CLM00492', 'P00172', '2023-07-07', 1618.12, 'Rejected', 'Collision', 'Rear-end collision on motorway', False),
('CLM00493', 'P00309', '2023-12-08', 2411.64, 'Under Review', 'Vandalism', 'Scratches and broken mirrors', False),
('CLM00494', 'P00509', '2023-12-12', 5663.84, 'Approved', 'Vandalism', 'Scratches and broken mirrors', False),
('CLM00495', 'P00115', '2025-06-20', 7749.03, 'Under Review', 'Vandalism', 'Scratches and broken mirrors', False),
('CLM00496', 'P00555', '2024-01-14', 7087.45, 'Approved', 'Vandalism', 'Scratches and broken mirrors', True),
('CLM00497', 'P00256', '2024-06-24', 9510.78, 'Rejected', 'Water Damage', 'Flooded during storm in garage', False),
('CLM00498', 'P00017', '2023-11-28', 3367.37, 'Rejected', 'Theft', 'Vehicle stolen from home driveway', False),
('CLM00499', 'P00048', '2023-09-04', 5892.93, 'Approved', 'Theft', 'Vehicle stolen from home driveway', True),
('CLM00500', 'P00504', '2025-01-28', 3170.24, 'Rejected', 'Collision', 'Rear-end collision on motorway', False),
('CLM00501', 'P00376', '2024-02-07', 3497.25, 'Rejected', 'Vandalism', 'Scratches and broken mirrors', True),
('CLM00502', 'P00355', '2024-12-12', 6168.23, 'Rejected', 'Fire', 'Engine fire due to overheating', True),
('CLM00503', 'P00040', '2024-10-03', 3668.43, 'Approved', 'Collision', 'Rear-end collision on motorway', True),
('CLM00504', 'P00336', '2025-12-04', 1291.05, 'Under Review', 'Theft', 'Vehicle stolen from home driveway', True),
('CLM00505', 'P00502', '2024-10-01', 3178.53, 'Under Review', 'Fire', 'Engine fire due to overheating', True),
('CLM00506', 'P00515', '2024-03-25', 4144.55, 'Rejected', 'Vandalism', 'Scratches and broken mirrors', True),
('CLM00507', 'P00229', '2024-01-27', 9286.05, 'Approved', 'Fire', 'Engine fire due to overheating', True),
('CLM00508', 'P00345', '2024-09-30', 9297.98, 'Under Review', 'Fire', 'Engine fire due to overheating', False),
('CLM00509', 'P00423', '2024-06-11', 4732.02, 'Under Review', 'Theft', 'Vehicle stolen from home driveway', False),
('CLM00510', 'P00535', '2024-10-08', 9485.87, 'Under Review', 'Water Damage', 'Flooded during storm in garage', False),
('CLM00511', 'P00046', '2024-04-18', 2419.83, 'Rejected', 'Vandalism', 'Scratches and broken mirrors', False),
('CLM00512', 'P00111', '2023-09-02', 3440.73, 'Rejected', 'Vandalism', 'Scratches and broken mirrors', False),
('CLM00513', 'P00338', '2024-05-24', 2618.64, 'Under Review', 'Collision', 'Rear-end collision on motorway', True),
('CLM00514', 'P00433', '2025-04-27', 2719.56, 'Approved', 'Fire', 'Engine fire due to overheating', False),
('CLM00515', 'P00285', '2024-03-01', 2822.13, 'Rejected', 'Vandalism', 'Scratches and broken mirrors', False),
('CLM00516', 'P00517', '2024-01-25', 2560.51, 'Under Review', 'Collision', 'Rear-end collision on motorway', False),
('CLM00517', 'P00537', '2024-05-19', 957.54, 'Under Review', 'Theft', 'Vehicle stolen from home driveway', False),
('CLM00518', 'P00464', '2025-02-01', 6095.62, 'Under Review', 'Fire', 'Engine fire due to overheating', True),
('CLM00519', 'P00101', '2025-03-24', 1907.26, 'Rejected', 'Water Damage', 'Flooded during storm in garage', True),
('CLM00520', 'P00277', '2024-12-24', 9553.95, 'Approved', 'Fire', 'Engine fire due to overheating', True),
('CLM00521', 'P00486', '2025-04-15', 6316.27, 'Rejected', 'Theft', 'Vehicle stolen from home driveway', True),
('CLM00522', 'P00322', '2024-09-01', 1548.78, 'Approved', 'Collision', 'Rear-end collision on motorway', True),
('CLM00523', 'P00337', '2025-07-21', 8853.34, 'Approved', 'Fire', 'Engine fire due to overheating', True),
('CLM00524', 'P00526', '2025-08-22', 8528.96, 'Under Review', 'Theft', 'Vehicle stolen from home driveway', False),
('CLM00525', 'P00474', '2024-12-15', 6730.8, 'Under Review', 'Vandalism', 'Scratches and broken mirrors', False),
('CLM00526', 'P00099', '2023-08-19', 7529.18, 'Rejected', 'Water Damage', 'Flooded during storm in garage', False),
('CLM00527', 'P00094', '2023-12-10', 4290.07, 'Rejected', 'Vandalism', 'Scratches and broken mirrors', True),
('CLM00528', 'P00573', '2024-02-02', 7328.55, 'Under Review', 'Collision', 'Rear-end collision on motorway', False),
('CLM00529', 'P00136', '2024-12-26', 6284.34, 'Approved', 'Theft', 'Vehicle stolen from home driveway', False),
('CLM00530', 'P00021', '2024-07-30', 5663.81, 'Under Review', 'Fire', 'Engine fire due to overheating', False),
('CLM00531', 'P00396', '2024-01-18', 745.31, 'Approved', 'Vandalism', 'Scratches and broken mirrors', False),
('CLM00532', 'P00263', '2024-02-28', 9105.51, 'Under Review', 'Water Damage', 'Flooded during storm in garage', True),
('CLM00533', 'P00208', '2025-02-24', 5851.63, 'Under Review', 'Theft', 'Vehicle stolen from home driveway', False),
('CLM00534', 'P00440', '2024-10-13', 880.24, 'Under Review', 'Fire', 'Engine fire due to overheating', False),
('CLM00535', 'P00426', '2024-09-13', 6849.16, 'Under Review', 'Collision', 'Rear-end collision on motorway', True),
('CLM00536', 'P00080', '2024-09-11', 4938.71, 'Approved', 'Fire', 'Engine fire due to overheating', False),
('CLM00537', 'P00229', '2023-05-21', 8297.65, 'Rejected', 'Water Damage', 'Flooded during storm in garage', True),
('CLM00538', 'P00264', '2025-07-29', 6823.95, 'Under Review', 'Water Damage', 'Flooded during storm in garage', False),
('CLM00539', 'P00438', '2023-12-13', 8759.44, 'Under Review', 'Theft', 'Vehicle stolen from home driveway', True),
('CLM00540', 'P00121', '2025-07-25', 2190.86, 'Under Review', 'Water Damage', 'Flooded during storm in garage', False),
('CLM00541', 'P00517', '2024-10-15', 7586.91, 'Approved', 'Water Damage', 'Flooded during storm in garage', True),
('CLM00542', 'P00348', '2025-04-25', 2656.07, 'Approved', 'Collision', 'Rear-end collision on motorway', False),
('CLM00543', 'P00212', '2024-05-21', 7430.73, 'Under Review', 'Theft', 'Vehicle stolen from home driveway', True),
('CLM00544', 'P00273', '2025-01-11', 3269.65, 'Under Review', 'Fire', 'Engine fire due to overheating', False),
('CLM00545', 'P00543', '2024-09-18', 5910.93, 'Approved', 'Fire', 'Engine fire due to overheating', False),
('CLM00546', 'P00049', '2023-06-27', 7780.19, 'Approved', 'Water Damage', 'Flooded during storm in garage', True),
('CLM00547', 'P00256', '2024-01-25', 1796.82, 'Approved', 'Collision', 'Rear-end collision on motorway', False),
('CLM00548', 'P00585', '2024-09-10', 9986.16, 'Approved', 'Vandalism', 'Scratches and broken mirrors', True),
('CLM00549', 'P00308', '2024-07-22', 3898.51, 'Under Review', 'Collision', 'Rear-end collision on motorway', False),
('CLM00550', 'P00121', '2025-01-21', 6475.14, 'Approved', 'Vandalism', 'Scratches and broken mirrors', False),
('CLM00551', 'P00447', '2025-10-23', 8797.75, 'Rejected', 'Theft', 'Vehicle stolen from home driveway', False),
('CLM00552', 'P00379', '2025-05-24', 8716.05, 'Approved', 'Theft', 'Vehicle stolen from home driveway', True),
('CLM00553', 'P00037', '2024-10-22', 9428.61, 'Rejected', 'Collision', 'Rear-end collision on motorway', True),
('CLM00554', 'P00269', '2024-10-07', 7259.25, 'Rejected', 'Collision', 'Rear-end collision on motorway', True),
('CLM00555', 'P00056', '2024-08-01', 6301.55, 'Under Review', 'Vandalism', 'Scratches and broken mirrors', True),
('CLM00556', 'P00186', '2023-10-10', 1905.19, 'Approved', 'Water Damage', 'Flooded during storm in garage', True),
('CLM00557', 'P00018', '2025-06-15', 5692.28, 'Rejected', 'Fire', 'Engine fire due to overheating', True),
('CLM00558', 'P00215', '2023-07-10', 6329.49, 'Approved', 'Collision', 'Rear-end collision on motorway', False),
('CLM00559', 'P00401', '2025-08-26', 4162.63, 'Under Review', 'Fire', 'Engine fire due to overheating', False),
('CLM00560', 'P00452', '2024-04-26', 1118.21, 'Under Review', 'Vandalism', 'Scratches and broken mirrors', False),
('CLM00561', 'P00222', '2024-01-20', 4838.37, 'Approved', 'Water Damage', 'Flooded during storm in garage', True),
('CLM00562', 'P00538', '2024-12-06', 5391.82, 'Under Review', 'Fire', 'Engine fire due to overheating', True),
('CLM00563', 'P00598', '2024-07-17', 3904.77, 'Under Review', 'Vandalism', 'Scratches and broken mirrors', False),
('CLM00564', 'P00050', '2023-07-24', 3559.77, 'Under Review', 'Collision', 'Rear-end collision on motorway', False),
('CLM00565', 'P00572', '2025-04-12', 2135.86, 'Approved', 'Water Damage', 'Flooded during storm in garage', False),
('CLM00566', 'P00272', '2024-12-31', 7892.96, 'Approved', 'Collision', 'Rear-end collision on motorway', False),
('CLM00567', 'P00209', '2023-09-30', 7997.23, 'Approved', 'Water Damage', 'Flooded during storm in garage', True),
('CLM00568', 'P00025', '2024-04-08', 9365.58, 'Approved', 'Theft', 'Vehicle stolen from home driveway', True),
('CLM00569', 'P00484', '2023-09-28', 9942.34, 'Under Review', 'Theft', 'Vehicle stolen from home driveway', False),
('CLM00570', 'P00381', '2025-05-26', 7326.76, 'Under Review', 'Water Damage', 'Flooded during storm in garage', False),
('CLM00571', 'P00006', '2023-11-26', 7862.23, 'Approved', 'Theft', 'Vehicle stolen from home driveway', True),
('CLM00572', 'P00120', '2023-08-23', 874.84, 'Approved', 'Vandalism', 'Scratches and broken mirrors', False),
('CLM00573', 'P00415', '2024-08-24', 3859.66, 'Under Review', 'Water Damage', 'Flooded during storm in garage', True),
('CLM00574', 'P00469', '2025-03-24', 7159.09, 'Rejected', 'Vandalism', 'Scratches and broken mirrors', True),
('CLM00575', 'P00447', '2025-10-05', 9435.05, 'Rejected', 'Theft', 'Vehicle stolen from home driveway', True),
('CLM00576', 'P00003', '2024-08-07', 4583.42, 'Approved', 'Vandalism', 'Scratches and broken mirrors', True),
('CLM00577', 'P00015', '2025-06-29', 6934.36, 'Approved', 'Theft', 'Vehicle stolen from home driveway', False),
('CLM00578', 'P00056', '2025-01-12', 8014.89, 'Approved', 'Fire', 'Engine fire due to overheating', False),
('CLM00579', 'P00278', '2023-09-22', 7043.63, 'Under Review', 'Vandalism', 'Scratches and broken mirrors', False),
('CLM00580', 'P00423', '2024-01-16', 9240.42, 'Approved', 'Vandalism', 'Scratches and broken mirrors', False),
('CLM00581', 'P00001', '2023-10-21', 3751.52, 'Under Review', 'Vandalism', 'Scratches and broken mirrors', True),
('CLM00582', 'P00374', '2024-04-13', 6034.18, 'Approved', 'Theft', 'Vehicle stolen from home driveway', False),
('CLM00583', 'P00335', '2024-03-25', 7323.25, 'Under Review', 'Fire', 'Engine fire due to overheating', True),
('CLM00584', 'P00353', '2024-09-03', 1845.31, 'Approved', 'Water Damage', 'Flooded during storm in garage', True),
('CLM00585', 'P00557', '2025-07-13', 6480.77, 'Approved', 'Fire', 'Engine fire due to overheating', True),
('CLM00586', 'P00408', '2024-03-15', 9167.02, 'Approved', 'Water Damage', 'Flooded during storm in garage', True),
('CLM00587', 'P00317', '2023-10-16', 4408.91, 'Rejected', 'Collision', 'Rear-end collision on motorway', False),
('CLM00588', 'P00585', '2023-10-07', 3119.81, 'Rejected', 'Vandalism', 'Scratches and broken mirrors', False),
('CLM00589', 'P00467', '2024-06-04', 3166.3, 'Rejected', 'Water Damage', 'Flooded during storm in garage', False),
('CLM00590', 'P00090', '2023-10-17', 2173.27, 'Under Review', 'Vandalism', 'Scratches and broken mirrors', True),
('CLM00591', 'P00585', '2024-06-25', 6402.47, 'Rejected', 'Collision', 'Rear-end collision on motorway', True),
('CLM00592', 'P00248', '2023-12-03', 2216.89, 'Approved', 'Vandalism', 'Scratches and broken mirrors', True),
('CLM00593', 'P00275', '2025-05-18', 8679.76, 'Under Review', 'Fire', 'Engine fire due to overheating', False),
('CLM00594', 'P00554', '2025-10-01', 4231.17, 'Under Review', 'Fire', 'Engine fire due to overheating', False),
('CLM00595', 'P00277', '2024-10-11', 3269.98, 'Rejected', 'Vandalism', 'Scratches and broken mirrors', True),
('CLM00596', 'P00509', '2023-12-28', 3016.01, 'Under Review', 'Theft', 'Vehicle stolen from home driveway', True),
('CLM00597', 'P00464', '2024-09-19', 1334.81, 'Rejected', 'Water Damage', 'Flooded during storm in garage', False),
('CLM00598', 'P00334', '2023-10-26', 7985.71, 'Approved', 'Water Damage', 'Flooded during storm in garage', False),
('CLM00599', 'P00169', '2024-08-24', 6306.48, 'Under Review', 'Water Damage', 'Flooded during storm in garage', False),
('CLM00600', 'P00205', '2023-10-22', 4509.8, 'Rejected', 'Water Damage', 'Flooded during storm in garage', True),
('CLM00601', 'P00141', '2024-10-05', 5967.33, 'Approved', 'Collision', 'Rear-end collision on motorway', False),
('CLM00602', 'P00408', '2024-11-22', 9732.06, 'Rejected', 'Collision', 'Rear-end collision on motorway', False),
('CLM00603', 'P00313', '2025-07-23', 2635.37, 'Approved', 'Collision', 'Rear-end collision on motorway', False),
('CLM00604', 'P00348', '2025-07-17', 514.64, 'Under Review', 'Vandalism', 'Scratches and broken mirrors', True),
('CLM00605', 'P00186', '2023-08-27', 1496.96, 'Approved', 'Collision', 'Rear-end collision on motorway', True),
('CLM00606', 'P00324', '2024-06-11', 9896.43, 'Approved', 'Water Damage', 'Flooded during storm in garage', True),
('CLM00607', 'P00497', '2024-06-02', 7099.12, 'Rejected', 'Vandalism', 'Scratches and broken mirrors', True),
('CLM00608', 'P00163', '2025-03-25', 7404.04, 'Approved', 'Theft', 'Vehicle stolen from home driveway', False),
('CLM00609', 'P00237', '2025-08-26', 7577.4, 'Approved', 'Collision', 'Rear-end collision on motorway', True),
('CLM00610', 'P00475', '2025-04-23', 6908.14, 'Rejected', 'Vandalism', 'Scratches and broken mirrors', False),
('CLM00611', 'P00517', '2024-09-07', 6962.98, 'Under Review', 'Vandalism', 'Scratches and broken mirrors', False),
('CLM00612', 'P00332', '2024-10-29', 5800.63, 'Rejected', 'Theft', 'Vehicle stolen from home driveway', True),
('CLM00613', 'P00578', '2025-02-27', 2572.19, 'Approved', 'Theft', 'Vehicle stolen from home driveway', True),
('CLM00614', 'P00519', '2024-01-31', 3515.98, 'Rejected', 'Vandalism', 'Scratches and broken mirrors', True),
('CLM00615', 'P00503', '2025-02-10', 7646.73, 'Rejected', 'Water Damage', 'Flooded during storm in garage', False),
('CLM00616', 'P00547', '2025-10-30', 3919.87, 'Approved', 'Collision', 'Rear-end collision on motorway', True),
('CLM00617', 'P00543', '2025-07-17', 9298.76, 'Rejected', 'Fire', 'Engine fire due to overheating', False),
('CLM00618', 'P00069', '2025-04-03', 8874.69, 'Approved', 'Water Damage', 'Flooded during storm in garage', True),
('CLM00619', 'P00499', '2024-08-19', 2209.9, 'Under Review', 'Fire', 'Engine fire due to overheating', False),
('CLM00620', 'P00012', '2024-04-24', 3499.23, 'Approved', 'Fire', 'Engine fire due to overheating', False),
('CLM00621', 'P00471', '2024-11-22', 5550.59, 'Rejected', 'Fire', 'Engine fire due to overheating', False),
('CLM00622', 'P00441', '2024-08-31', 5541.32, 'Rejected', 'Fire', 'Engine fire due to overheating', False),
('CLM00623', 'P00110', '2025-03-12', 9305.73, 'Under Review', 'Theft', 'Vehicle stolen from home driveway', False),
('CLM00624', 'P00152', '2024-01-05', 1193.89, 'Rejected', 'Collision', 'Rear-end collision on motorway', False),
('CLM00625', 'P00126', '2025-05-25', 6698.2, 'Approved', 'Vandalism', 'Scratches and broken mirrors', False),
('CLM00626', 'P00119', '2023-10-30', 2514.75, 'Approved', 'Water Damage', 'Flooded during storm in garage', False),
('CLM00627', 'P00232', '2025-11-01', 5122.64, 'Approved', 'Fire', 'Engine fire due to overheating', False),
('CLM00628', 'P00355', '2025-01-28', 8216.01, 'Rejected', 'Fire', 'Engine fire due to overheating', True),
('CLM00629', 'P00308', '2024-04-13', 7048.58, 'Approved', 'Fire', 'Engine fire due to overheating', False),
('CLM00630', 'P00297', '2023-07-13', 6132.74, 'Rejected', 'Vandalism', 'Scratches and broken mirrors', False),
('CLM00631', 'P00438', '2024-02-07', 9057.38, 'Approved', 'Fire', 'Engine fire due to overheating', True),
('CLM00632', 'P00002', '2024-03-30', 6490.74, 'Rejected', 'Theft', 'Vehicle stolen from home driveway', True),
('CLM00633', 'P00579', '2025-06-14', 5192.08, 'Under Review', 'Water Damage', 'Flooded during storm in garage', False),
('CLM00634', 'P00421', '2025-02-19', 6150.07, 'Approved', 'Vandalism', 'Scratches and broken mirrors', True),
('CLM00635', 'P00467', '2024-03-10', 4190.55, 'Under Review', 'Fire', 'Engine fire due to overheating', False),
('CLM00636', 'P00338', '2024-07-05', 5467.44, 'Under Review', 'Fire', 'Engine fire due to overheating', False),
('CLM00637', 'P00584', '2025-09-27', 700.77, 'Under Review', 'Water Damage', 'Flooded during storm in garage', False),
('CLM00638', 'P00034', '2023-10-12', 7216.2, 'Under Review', 'Vandalism', 'Scratches and broken mirrors', True),
('CLM00639', 'P00387', '2025-08-15', 2620.17, 'Under Review', 'Vandalism', 'Scratches and broken mirrors', True),
('CLM00640', 'P00253', '2025-02-22', 3734.27, 'Rejected', 'Theft', 'Vehicle stolen from home driveway', False),
('CLM00641', 'P00037', '2024-03-19', 6458.57, 'Rejected', 'Vandalism', 'Scratches and broken mirrors', True),
('CLM00642', 'P00183', '2023-08-23', 1451.89, 'Under Review', 'Theft', 'Vehicle stolen from home driveway', False),
('CLM00643', 'P00323', '2024-01-17', 8592.53, 'Approved', 'Theft', 'Vehicle stolen from home driveway', True),
('CLM00644', 'P00289', '2025-09-18', 3912.01, 'Under Review', 'Fire', 'Engine fire due to overheating', True),
('CLM00645', 'P00580', '2025-02-03', 9361.0, 'Rejected', 'Water Damage', 'Flooded during storm in garage', False),
('CLM00646', 'P00305', '2024-07-17', 5458.03, 'Under Review', 'Theft', 'Vehicle stolen from home driveway', False),
('CLM00647', 'P00104', '2024-02-07', 5748.45, 'Rejected', 'Fire', 'Engine fire due to overheating', True),
('CLM00648', 'P00028', '2023-08-15', 6988.73, 'Rejected', 'Water Damage', 'Flooded during storm in garage', True),
('CLM00649', 'P00021', '2024-09-30', 2111.46, 'Rejected', 'Water Damage', 'Flooded during storm in garage', False),
('CLM00650', 'P00409', '2024-11-01', 9631.19, 'Approved', 'Theft', 'Vehicle stolen from home driveway', False),
('CLM00651', 'P00506', '2024-05-31', 3706.04, 'Rejected', 'Collision', 'Rear-end collision on motorway', False),
('CLM00652', 'P00407', '2025-04-18', 536.24, 'Approved', 'Fire', 'Engine fire due to overheating', True),
('CLM00653', 'P00465', '2025-07-12', 5775.0, 'Under Review', 'Water Damage', 'Flooded during storm in garage', True),
('CLM00654', 'P00271', '2024-04-28', 1684.01, 'Rejected', 'Water Damage', 'Flooded during storm in garage', False),
('CLM00655', 'P00073', '2025-04-26', 9552.0, 'Rejected', 'Water Damage', 'Flooded during storm in garage', False),
('CLM00656', 'P00437', '2024-07-24', 2803.28, 'Under Review', 'Theft', 'Vehicle stolen from home driveway', False),
('CLM00657', 'P00502', '2025-01-09', 7475.87, 'Under Review', 'Fire', 'Engine fire due to overheating', True),
('CLM00658', 'P00375', '2023-06-04', 9948.4, 'Under Review', 'Fire', 'Engine fire due to overheating', False),
('CLM00659', 'P00425', '2025-03-26', 9801.87, 'Approved', 'Fire', 'Engine fire due to overheating', False),
('CLM00660', 'P00468', '2024-09-09', 5583.77, 'Under Review', 'Theft', 'Vehicle stolen from home driveway', True),
('CLM00661', 'P00428', '2025-03-10', 4400.61, 'Rejected', 'Collision', 'Rear-end collision on motorway', True),
('CLM00662', 'P00597', '2023-08-02', 4120.57, 'Approved', 'Collision', 'Rear-end collision on motorway', False),
('CLM00663', 'P00523', '2025-06-19', 7482.14, 'Approved', 'Theft', 'Vehicle stolen from home driveway', True),
('CLM00664', 'P00377', '2024-11-06', 2842.38, 'Approved', 'Collision', 'Rear-end collision on motorway', False),
('CLM00665', 'P00170', '2026-02-14', 8971.66, 'Under Review', 'Collision', 'Rear-end collision on motorway', True),
('CLM00666', 'P00286', '2024-04-18', 9227.51, 'Rejected', 'Vandalism', 'Scratches and broken mirrors', True),
('CLM00667', 'P00566', '2024-12-29', 9746.55, 'Under Review', 'Water Damage', 'Flooded during storm in garage', False),
('CLM00668', 'P00037', '2024-09-17', 5754.48, 'Approved', 'Theft', 'Vehicle stolen from home driveway', True),
('CLM00669', 'P00008', '2025-03-28', 6941.51, 'Under Review', 'Fire', 'Engine fire due to overheating', False),
('CLM00670', 'P00517', '2024-02-06', 4201.71, 'Approved', 'Vandalism', 'Scratches and broken mirrors', False),
('CLM00671', 'P00212', '2024-06-07', 4808.42, 'Rejected', 'Vandalism', 'Scratches and broken mirrors', True),
('CLM00672', 'P00229', '2023-11-14', 9682.79, 'Approved', 'Theft', 'Vehicle stolen from home driveway', False),
('CLM00673', 'P00018', '2025-01-21', 9853.63, 'Approved', 'Water Damage', 'Flooded during storm in garage', False),
('CLM00674', 'P00224', '2025-01-31', 1310.26, 'Approved', 'Fire', 'Engine fire due to overheating', False),
('CLM00675', 'P00164', '2023-07-09', 5709.21, 'Under Review', 'Water Damage', 'Flooded during storm in garage', True),
('CLM00676', 'P00583', '2023-09-17', 967.48, 'Approved', 'Fire', 'Engine fire due to overheating', True),
('CLM00677', 'P00218', '2024-04-18', 8525.99, 'Approved', 'Vandalism', 'Scratches and broken mirrors', True),
('CLM00678', 'P00411', '2024-10-25', 9275.39, 'Rejected', 'Collision', 'Rear-end collision on motorway', False),
('CLM00679', 'P00389', '2023-04-23', 5828.22, 'Approved', 'Collision', 'Rear-end collision on motorway', True),
('CLM00680', 'P00058', '2025-12-23', 5479.03, 'Approved', 'Water Damage', 'Flooded during storm in garage', False),
('CLM00681', 'P00512', '2025-04-06', 7592.61, 'Rejected', 'Fire', 'Engine fire due to overheating', False),
('CLM00682', 'P00408', '2024-05-13', 1409.68, 'Rejected', 'Theft', 'Vehicle stolen from home driveway', True),
('CLM00683', 'P00398', '2023-04-13', 4830.44, 'Under Review', 'Vandalism', 'Scratches and broken mirrors', True),
('CLM00684', 'P00119', '2023-04-24', 6912.02, 'Under Review', 'Fire', 'Engine fire due to overheating', False),
('CLM00685', 'P00434', '2023-11-10', 9789.16, 'Under Review', 'Fire', 'Engine fire due to overheating', False),
('CLM00686', 'P00225', '2025-03-03', 2668.69, 'Approved', 'Fire', 'Engine fire due to overheating', True),
('CLM00687', 'P00251', '2025-10-06', 2492.25, 'Approved', 'Collision', 'Rear-end collision on motorway', False),
('CLM00688', 'P00314', '2024-11-19', 1730.14, 'Approved', 'Collision', 'Rear-end collision on motorway', True),
('CLM00689', 'P00226', '2024-08-05', 9814.39, 'Rejected', 'Fire', 'Engine fire due to overheating', False),
('CLM00690', 'P00470', '2025-04-10', 6089.18, 'Rejected', 'Fire', 'Engine fire due to overheating', False),
('CLM00691', 'P00288', '2024-01-20', 3966.9, 'Under Review', 'Fire', 'Engine fire due to overheating', False),
('CLM00692', 'P00447', '2025-10-19', 1727.24, 'Approved', 'Water Damage', 'Flooded during storm in garage', False),
('CLM00693', 'P00178', '2025-08-04', 9623.61, 'Approved', 'Water Damage', 'Flooded during storm in garage', True),
('CLM00694', 'P00222', '2024-04-20', 1257.59, 'Rejected', 'Collision', 'Rear-end collision on motorway', False),
('CLM00695', 'P00592', '2025-06-20', 9869.37, 'Under Review', 'Vandalism', 'Scratches and broken mirrors', True),
('CLM00696', 'P00076', '2025-02-05', 4856.14, 'Approved', 'Collision', 'Rear-end collision on motorway', False),
('CLM00697', 'P00431', '2024-12-10', 5805.64, 'Approved', 'Collision', 'Rear-end collision on motorway', True),
('CLM00698', 'P00551', '2025-03-26', 5696.2, 'Approved', 'Fire', 'Engine fire due to overheating', False),
('CLM00699', 'P00540', '2024-06-05', 7386.71, 'Rejected', 'Fire', 'Engine fire due to overheating', True),
('CLM00700', 'P00289', '2025-01-05', 8447.92, 'Approved', 'Theft', 'Vehicle stolen from home driveway', True),
('CLM00701', 'P00404', '2025-06-07', 5009.2, 'Approved', 'Collision', 'Rear-end collision on motorway', True),
('CLM00702', 'P00560', '2025-02-06', 9518.41, 'Rejected', 'Theft', 'Vehicle stolen from home driveway', False),
('CLM00703', 'P00145', '2024-03-14', 648.81, 'Under Review', 'Water Damage', 'Flooded during storm in garage', True),
('CLM00704', 'P00164', '2024-03-10', 8687.02, 'Approved', 'Collision', 'Rear-end collision on motorway', True),
('CLM00705', 'P00035', '2025-02-10', 6965.64, 'Under Review', 'Fire', 'Engine fire due to overheating', True),
('CLM00706', 'P00168', '2025-06-03', 2136.77, 'Rejected', 'Water Damage', 'Flooded during storm in garage', False),
('CLM00707', 'P00341', '2024-05-18', 3312.99, 'Approved', 'Collision', 'Rear-end collision on motorway', True),
('CLM00708', 'P00014', '2024-03-17', 2631.27, 'Under Review', 'Fire', 'Engine fire due to overheating', False),
('CLM00709', 'P00429', '2024-03-22', 6509.38, 'Rejected', 'Collision', 'Rear-end collision on motorway', False),
('CLM00710', 'P00281', '2024-06-17', 6281.82, 'Approved', 'Theft', 'Vehicle stolen from home driveway', False),
('CLM00711', 'P00215', '2024-01-21', 1805.78, 'Approved', 'Theft', 'Vehicle stolen from home driveway', True),
('CLM00712', 'P00406', '2024-03-25', 1054.35, 'Under Review', 'Theft', 'Vehicle stolen from home driveway', True),
('CLM00713', 'P00390', '2024-03-22', 4523.67, 'Approved', 'Theft', 'Vehicle stolen from home driveway', True),
('CLM00714', 'P00177', '2024-02-15', 3414.4, 'Rejected', 'Water Damage', 'Flooded during storm in garage', True),
('CLM00715', 'P00052', '2024-03-31', 8377.46, 'Approved', 'Theft', 'Vehicle stolen from home driveway', True),
('CLM00716', 'P00317', '2023-10-05', 7027.32, 'Rejected', 'Collision', 'Rear-end collision on motorway', False),
('CLM00717', 'P00487', '2025-12-16', 7489.08, 'Rejected', 'Collision', 'Rear-end collision on motorway', True),
('CLM00718', 'P00518', '2024-04-07', 4379.64, 'Under Review', 'Water Damage', 'Flooded during storm in garage', False),
('CLM00719', 'P00439', '2025-02-17', 5710.39, 'Rejected', 'Fire', 'Engine fire due to overheating', False),
('CLM00720', 'P00315', '2025-04-24', 1381.94, 'Rejected', 'Water Damage', 'Flooded during storm in garage', False),
('CLM00721', 'P00324', '2024-10-31', 7810.54, 'Under Review', 'Fire', 'Engine fire due to overheating', True),
('CLM00722', 'P00060', '2024-11-27', 7475.92, 'Approved', 'Water Damage', 'Flooded during storm in garage', True),
('CLM00723', 'P00322', '2024-09-02', 4188.71, 'Approved', 'Collision', 'Rear-end collision on motorway', False),
('CLM00724', 'P00288', '2024-06-03', 9003.76, 'Rejected', 'Collision', 'Rear-end collision on motorway', True),
('CLM00725', 'P00064', '2025-06-08', 4137.59, 'Approved', 'Vandalism', 'Scratches and broken mirrors', True),
('CLM00726', 'P00062', '2023-11-21', 1545.22, 'Approved', 'Vandalism', 'Scratches and broken mirrors', False),
('CLM00727', 'P00328', '2024-11-23', 4930.73, 'Under Review', 'Fire', 'Engine fire due to overheating', True),
('CLM00728', 'P00270', '2025-01-23', 4217.16, 'Approved', 'Water Damage', 'Flooded during storm in garage', False),
('CLM00729', 'P00197', '2025-11-29', 3582.23, 'Rejected', 'Collision', 'Rear-end collision on motorway', True),
('CLM00730', 'P00450', '2025-09-18', 6419.05, 'Under Review', 'Collision', 'Rear-end collision on motorway', True),
('CLM00731', 'P00072', '2024-08-23', 6818.61, 'Under Review', 'Fire', 'Engine fire due to overheating', True),
('CLM00732', 'P00453', '2023-09-13', 8329.61, 'Under Review', 'Vandalism', 'Scratches and broken mirrors', True),
('CLM00733', 'P00426', '2024-01-17', 9252.86, 'Rejected', 'Theft', 'Vehicle stolen from home driveway', False),
('CLM00734', 'P00547', '2025-01-25', 1257.04, 'Rejected', 'Collision', 'Rear-end collision on motorway', False),
('CLM00735', 'P00268', '2024-07-21', 7777.15, 'Rejected', 'Collision', 'Rear-end collision on motorway', True),
('CLM00736', 'P00525', '2025-07-05', 1362.58, 'Under Review', 'Fire', 'Engine fire due to overheating', False),
('CLM00737', 'P00397', '2023-11-21', 7166.29, 'Under Review', 'Collision', 'Rear-end collision on motorway', True),
('CLM00738', 'P00115', '2025-09-11', 8704.85, 'Approved', 'Vandalism', 'Scratches and broken mirrors', True),
('CLM00739', 'P00043', '2024-10-20', 7820.27, 'Under Review', 'Vandalism', 'Scratches and broken mirrors', True),
('CLM00740', 'P00177', '2023-08-25', 3134.59, 'Under Review', 'Water Damage', 'Flooded during storm in garage', False),
('CLM00741', 'P00567', '2025-04-23', 789.38, 'Approved', 'Fire', 'Engine fire due to overheating', False),
('CLM00742', 'P00156', '2024-09-23', 4848.95, 'Approved', 'Theft', 'Vehicle stolen from home driveway', True),
('CLM00743', 'P00403', '2023-12-30', 7650.88, 'Rejected', 'Fire', 'Engine fire due to overheating', False),
('CLM00744', 'P00094', '2023-12-03', 7136.71, 'Rejected', 'Collision', 'Rear-end collision on motorway', False),
('CLM00745', 'P00522', '2025-06-10', 513.55, 'Rejected', 'Fire', 'Engine fire due to overheating', True),
('CLM00746', 'P00519', '2024-04-10', 6137.62, 'Under Review', 'Water Damage', 'Flooded during storm in garage', True),
('CLM00747', 'P00541', '2025-08-20', 2182.6, 'Rejected', 'Water Damage', 'Flooded during storm in garage', True),
('CLM00748', 'P00326', '2025-05-19', 2678.02, 'Rejected', 'Theft', 'Vehicle stolen from home driveway', False),
('CLM00749', 'P00479', '2025-06-15', 508.02, 'Rejected', 'Fire', 'Engine fire due to overheating', False),
('CLM00750', 'P00374', '2024-05-06', 6753.46, 'Rejected', 'Water Damage', 'Flooded during storm in garage', True),
('CLM00751', 'P00367', '2023-10-28', 6501.73, 'Approved', 'Fire', 'Engine fire due to overheating', False),
('CLM00752', 'P00228', '2024-10-19', 3650.8, 'Approved', 'Theft', 'Vehicle stolen from home driveway', True),
('CLM00753', 'P00598', '2024-02-09', 2219.49, 'Approved', 'Vandalism', 'Scratches and broken mirrors', True),
('CLM00754', 'P00240', '2025-03-29', 5536.58, 'Under Review', 'Vandalism', 'Scratches and broken mirrors', True),
('CLM00755', 'P00003', '2024-08-01', 5782.39, 'Approved', 'Collision', 'Rear-end collision on motorway', True),
('CLM00756', 'P00320', '2024-10-02', 1216.49, 'Approved', 'Theft', 'Vehicle stolen from home driveway', True),
('CLM00757', 'P00356', '2024-01-10', 9577.26, 'Approved', 'Fire', 'Engine fire due to overheating', False),
('CLM00758', 'P00045', '2025-03-26', 4299.78, 'Rejected', 'Fire', 'Engine fire due to overheating', False),
('CLM00759', 'P00557', '2025-04-08', 2418.18, 'Approved', 'Collision', 'Rear-end collision on motorway', False),
('CLM00760', 'P00070', '2025-11-05', 2460.23, 'Under Review', 'Vandalism', 'Scratches and broken mirrors', False),
('CLM00761', 'P00378', '2023-09-17', 2022.61, 'Under Review', 'Water Damage', 'Flooded during storm in garage', False),
('CLM00762', 'P00119', '2023-12-03', 4274.06, 'Under Review', 'Fire', 'Engine fire due to overheating', True),
('CLM00763', 'P00390', '2024-01-31', 4493.78, 'Under Review', 'Water Damage', 'Flooded during storm in garage', True),
('CLM00764', 'P00353', '2024-03-29', 4531.65, 'Rejected', 'Water Damage', 'Flooded during storm in garage', False),
('CLM00765', 'P00546', '2024-07-27', 4268.42, 'Rejected', 'Theft', 'Vehicle stolen from home driveway', False),
('CLM00766', 'P00044', '2025-03-09', 3446.71, 'Under Review', 'Theft', 'Vehicle stolen from home driveway', True),
('CLM00767', 'P00007', '2023-11-23', 9120.1, 'Approved', 'Collision', 'Rear-end collision on motorway', True),
('CLM00768', 'P00493', '2025-03-27', 604.47, 'Rejected', 'Theft', 'Vehicle stolen from home driveway', True),
('CLM00769', 'P00026', '2024-09-18', 866.57, 'Approved', 'Vandalism', 'Scratches and broken mirrors', False),
('CLM00770', 'P00514', '2024-08-06', 9529.66, 'Approved', 'Theft', 'Vehicle stolen from home driveway', False),
('CLM00771', 'P00445', '2025-11-05', 2190.01, 'Under Review', 'Fire', 'Engine fire due to overheating', False),
('CLM00772', 'P00242', '2025-03-01', 4328.5, 'Approved', 'Vandalism', 'Scratches and broken mirrors', True),
('CLM00773', 'P00174', '2025-05-14', 1226.26, 'Approved', 'Theft', 'Vehicle stolen from home driveway', False),
('CLM00774', 'P00191', '2024-05-23', 2762.06, 'Under Review', 'Water Damage', 'Flooded during storm in garage', False),
('CLM00775', 'P00540', '2024-06-13', 5472.88, 'Approved', 'Fire', 'Engine fire due to overheating', True),
('CLM00776', 'P00024', '2024-07-28', 8311.92, 'Approved', 'Fire', 'Engine fire due to overheating', True),
('CLM00777', 'P00341', '2023-08-22', 3469.0, 'Rejected', 'Collision', 'Rear-end collision on motorway', False),
('CLM00778', 'P00049', '2023-10-21', 8562.39, 'Approved', 'Theft', 'Vehicle stolen from home driveway', True),
('CLM00779', 'P00193', '2023-09-04', 9693.06, 'Under Review', 'Theft', 'Vehicle stolen from home driveway', False),
('CLM00780', 'P00170', '2025-06-12', 808.91, 'Under Review', 'Fire', 'Engine fire due to overheating', True),
('CLM00781', 'P00217', '2023-09-16', 6233.5, 'Under Review', 'Water Damage', 'Flooded during storm in garage', True),
('CLM00782', 'P00452', '2024-01-22', 6801.56, 'Approved', 'Water Damage', 'Flooded during storm in garage', False),
('CLM00783', 'P00336', '2025-11-13', 5344.01, 'Approved', 'Vandalism', 'Scratches and broken mirrors', True),
('CLM00784', 'P00085', '2025-09-26', 6554.38, 'Approved', 'Fire', 'Engine fire due to overheating', True),
('CLM00785', 'P00191', '2024-04-21', 9370.55, 'Approved', 'Theft', 'Vehicle stolen from home driveway', False),
('CLM00786', 'P00062', '2024-05-10', 8034.7, 'Under Review', 'Vandalism', 'Scratches and broken mirrors', True),
('CLM00787', 'P00078', '2025-01-11', 1602.93, 'Rejected', 'Water Damage', 'Flooded during storm in garage', False),
('CLM00788', 'P00068', '2024-03-30', 9362.83, 'Under Review', 'Fire', 'Engine fire due to overheating', False),
('CLM00789', 'P00595', '2025-03-13', 8372.41, 'Rejected', 'Collision', 'Rear-end collision on motorway', False),
('CLM00790', 'P00528', '2025-10-08', 8708.4, 'Rejected', 'Vandalism', 'Scratches and broken mirrors', False),
('CLM00791', 'P00198', '2025-06-10', 8312.7, 'Under Review', 'Vandalism', 'Scratches and broken mirrors', False),
('CLM00792', 'P00293', '2024-08-26', 3059.84, 'Approved', 'Fire', 'Engine fire due to overheating', True),
('CLM00793', 'P00345', '2024-01-08', 8596.76, 'Approved', 'Water Damage', 'Flooded during storm in garage', True),
('CLM00794', 'P00413', '2025-04-04', 7257.2, 'Rejected', 'Theft', 'Vehicle stolen from home driveway', True),
('CLM00795', 'P00413', '2025-12-15', 2001.41, 'Under Review', 'Collision', 'Rear-end collision on motorway', True),
('CLM00796', 'P00172', '2023-07-02', 5981.39, 'Under Review', 'Water Damage', 'Flooded during storm in garage', True),
('CLM00797', 'P00234', '2025-07-21', 3753.55, 'Rejected', 'Theft', 'Vehicle stolen from home driveway', False),
('CLM00798', 'P00244', '2024-04-14', 5420.09, 'Rejected', 'Fire', 'Engine fire due to overheating', True),
('CLM00799', 'P00587', '2025-07-17', 2547.57, 'Rejected', 'Water Damage', 'Flooded during storm in garage', True),
('CLM00800', 'P00374', '2024-08-30', 4558.08, 'Approved', 'Collision', 'Rear-end collision on motorway', True),
('CLM00801', 'P00447', '2025-04-08', 5126.29, 'Approved', 'Water Damage', 'Flooded during storm in garage', True),
('CLM00802', 'P00151', '2024-04-16', 542.18, 'Rejected', 'Theft', 'Vehicle stolen from home driveway', False),
('CLM00803', 'P00477', '2024-02-28', 3909.47, 'Under Review', 'Vandalism', 'Scratches and broken mirrors', False),
('CLM00804', 'P00293', '2024-08-03', 9874.1, 'Under Review', 'Fire', 'Engine fire due to overheating', False),
('CLM00805', 'P00169', '2024-06-29', 9304.4, 'Under Review', 'Fire', 'Engine fire due to overheating', True),
('CLM00806', 'P00434', '2024-04-27', 720.34, 'Rejected', 'Vandalism', 'Scratches and broken mirrors', True),
('CLM00807', 'P00267', '2025-03-02', 882.73, 'Approved', 'Theft', 'Vehicle stolen from home driveway', False),
('CLM00808', 'P00297', '2024-04-06', 8509.16, 'Rejected', 'Water Damage', 'Flooded during storm in garage', False),
('CLM00809', 'P00206', '2025-06-12', 8256.5, 'Rejected', 'Fire', 'Engine fire due to overheating', False),
('CLM00810', 'P00152', '2024-04-05', 4396.3, 'Under Review', 'Vandalism', 'Scratches and broken mirrors', True),
('CLM00811', 'P00529', '2024-11-04', 9249.76, 'Approved', 'Water Damage', 'Flooded during storm in garage', True),
('CLM00812', 'P00357', '2025-04-12', 9583.56, 'Under Review', 'Collision', 'Rear-end collision on motorway', True),
('CLM00813', 'P00532', '2025-04-12', 7733.09, 'Rejected', 'Theft', 'Vehicle stolen from home driveway', False),
('CLM00814', 'P00388', '2024-05-23', 4942.82, 'Rejected', 'Vandalism', 'Scratches and broken mirrors', False),
('CLM00815', 'P00512', '2025-05-10', 8448.44, 'Rejected', 'Collision', 'Rear-end collision on motorway', True),
('CLM00816', 'P00458', '2024-04-19', 1901.32, 'Approved', 'Vandalism', 'Scratches and broken mirrors', False),
('CLM00817', 'P00055', '2024-01-07', 3843.79, 'Under Review', 'Theft', 'Vehicle stolen from home driveway', False),
('CLM00818', 'P00267', '2025-03-08', 7009.05, 'Under Review', 'Collision', 'Rear-end collision on motorway', True),
('CLM00819', 'P00165', '2024-05-09', 1705.23, 'Under Review', 'Water Damage', 'Flooded during storm in garage', True),
('CLM00820', 'P00203', '2025-01-03', 533.05, 'Rejected', 'Fire', 'Engine fire due to overheating', False),
('CLM00821', 'P00209', '2023-06-04', 8301.66, 'Under Review', 'Collision', 'Rear-end collision on motorway', True),
('CLM00822', 'P00239', '2025-05-17', 4712.35, 'Approved', 'Fire', 'Engine fire due to overheating', True),
('CLM00823', 'P00053', '2024-09-27', 5344.13, 'Under Review', 'Collision', 'Rear-end collision on motorway', True),
('CLM00824', 'P00133', '2023-12-07', 5926.13, 'Rejected', 'Collision', 'Rear-end collision on motorway', True),
('CLM00825', 'P00143', '2023-06-05', 2076.99, 'Rejected', 'Vandalism', 'Scratches and broken mirrors', True),
('CLM00826', 'P00357', '2025-03-18', 4957.55, 'Under Review', 'Collision', 'Rear-end collision on motorway', True),
('CLM00827', 'P00509', '2024-03-21', 6770.6, 'Approved', 'Fire', 'Engine fire due to overheating', True),
('CLM00828', 'P00468', '2024-07-15', 8708.46, 'Approved', 'Vandalism', 'Scratches and broken mirrors', False),
('CLM00829', 'P00023', '2023-12-14', 1781.13, 'Approved', 'Collision', 'Rear-end collision on motorway', True),
('CLM00830', 'P00514', '2025-01-04', 8144.73, 'Under Review', 'Vandalism', 'Scratches and broken mirrors', False),
('CLM00831', 'P00582', '2025-02-11', 3145.75, 'Rejected', 'Collision', 'Rear-end collision on motorway', False),
('CLM00832', 'P00322', '2024-11-07', 4011.32, 'Under Review', 'Collision', 'Rear-end collision on motorway', False),
('CLM00833', 'P00418', '2024-06-05', 4884.53, 'Approved', 'Collision', 'Rear-end collision on motorway', False),
('CLM00834', 'P00284', '2025-07-12', 2501.04, 'Under Review', 'Collision', 'Rear-end collision on motorway', True),
('CLM00835', 'P00516', '2024-05-13', 583.15, 'Approved', 'Collision', 'Rear-end collision on motorway', False),
('CLM00836', 'P00285', '2023-07-27', 6091.27, 'Approved', 'Vandalism', 'Scratches and broken mirrors', False),
('CLM00837', 'P00266', '2024-06-30', 7571.74, 'Under Review', 'Theft', 'Vehicle stolen from home driveway', True),
('CLM00838', 'P00448', '2025-01-17', 2781.43, 'Rejected', 'Collision', 'Rear-end collision on motorway', True),
('CLM00839', 'P00495', '2024-06-04', 4078.29, 'Approved', 'Vandalism', 'Scratches and broken mirrors', False),
('CLM00840', 'P00362', '2024-12-25', 5067.69, 'Approved', 'Theft', 'Vehicle stolen from home driveway', True),
('CLM00841', 'P00388', '2023-11-10', 5196.64, 'Under Review', 'Vandalism', 'Scratches and broken mirrors', False),
('CLM00842', 'P00097', '2024-12-27', 6274.4, 'Approved', 'Collision', 'Rear-end collision on motorway', False),
('CLM00843', 'P00435', '2025-10-04', 546.47, 'Rejected', 'Theft', 'Vehicle stolen from home driveway', True),
('CLM00844', 'P00457', '2023-06-22', 9233.45, 'Under Review', 'Theft', 'Vehicle stolen from home driveway', True),
('CLM00845', 'P00119', '2023-07-24', 1935.38, 'Approved', 'Theft', 'Vehicle stolen from home driveway', False),
('CLM00846', 'P00547', '2025-03-14', 9185.96, 'Under Review', 'Vandalism', 'Scratches and broken mirrors', False),
('CLM00847', 'P00281', '2024-01-31', 8843.54, 'Approved', 'Theft', 'Vehicle stolen from home driveway', True),
('CLM00848', 'P00225', '2025-04-20', 6540.49, 'Rejected', 'Theft', 'Vehicle stolen from home driveway', False),
('CLM00849', 'P00401', '2024-12-02', 6987.79, 'Rejected', 'Theft', 'Vehicle stolen from home driveway', True),
('CLM00850', 'P00212', '2024-06-13', 7424.79, 'Under Review', 'Vandalism', 'Scratches and broken mirrors', True),
('CLM00851', 'P00451', '2024-09-01', 581.71, 'Rejected', 'Collision', 'Rear-end collision on motorway', False),
('CLM00852', 'P00146', '2023-07-29', 1568.78, 'Approved', 'Collision', 'Rear-end collision on motorway', False),
('CLM00853', 'P00494', '2023-08-25', 5700.4, 'Approved', 'Vandalism', 'Scratches and broken mirrors', False),
('CLM00854', 'P00359', '2024-04-23', 7597.69, 'Approved', 'Collision', 'Rear-end collision on motorway', True),
('CLM00855', 'P00262', '2024-09-28', 9216.91, 'Rejected', 'Fire', 'Engine fire due to overheating', True),
('CLM00856', 'P00047', '2025-03-31', 8311.55, 'Approved', 'Water Damage', 'Flooded during storm in garage', True),
('CLM00857', 'P00574', '2024-01-12', 8348.26, 'Rejected', 'Theft', 'Vehicle stolen from home driveway', False),
('CLM00858', 'P00269', '2024-06-27', 1901.48, 'Approved', 'Fire', 'Engine fire due to overheating', False),
('CLM00859', 'P00552', '2025-10-22', 8320.27, 'Rejected', 'Vandalism', 'Scratches and broken mirrors', False),
('CLM00860', 'P00388', '2024-05-23', 542.88, 'Approved', 'Theft', 'Vehicle stolen from home driveway', False),
('CLM00861', 'P00241', '2024-08-28', 6659.8, 'Under Review', 'Collision', 'Rear-end collision on motorway', False),
('CLM00862', 'P00071', '2024-11-22', 8577.69, 'Rejected', 'Water Damage', 'Flooded during storm in garage', True),
('CLM00863', 'P00496', '2023-06-17', 1145.75, 'Approved', 'Vandalism', 'Scratches and broken mirrors', True),
('CLM00864', 'P00184', '2025-01-30', 9643.54, 'Approved', 'Water Damage', 'Flooded during storm in garage', False),
('CLM00865', 'P00489', '2024-08-19', 5375.4, 'Rejected', 'Fire', 'Engine fire due to overheating', True),
('CLM00866', 'P00539', '2024-02-02', 4465.04, 'Under Review', 'Fire', 'Engine fire due to overheating', True),
('CLM00867', 'P00078', '2024-06-16', 1613.57, 'Under Review', 'Water Damage', 'Flooded during storm in garage', True),
('CLM00868', 'P00489', '2024-05-21', 4951.49, 'Under Review', 'Water Damage', 'Flooded during storm in garage', False),
('CLM00869', 'P00142', '2024-11-18', 7098.3, 'Under Review', 'Fire', 'Engine fire due to overheating', False),
('CLM00870', 'P00242', '2025-07-02', 2845.44, 'Under Review', 'Vandalism', 'Scratches and broken mirrors', False),
('CLM00871', 'P00072', '2024-08-08', 7688.14, 'Approved', 'Water Damage', 'Flooded during storm in garage', False),
('CLM00872', 'P00011', '2024-11-15', 4449.82, 'Under Review', 'Collision', 'Rear-end collision on motorway', True),
('CLM00873', 'P00059', '2024-05-26', 6953.75, 'Rejected', 'Water Damage', 'Flooded during storm in garage', True),
('CLM00874', 'P00545', '2025-03-11', 6842.22, 'Approved', 'Collision', 'Rear-end collision on motorway', False),
('CLM00875', 'P00073', '2025-03-17', 546.2, 'Approved', 'Collision', 'Rear-end collision on motorway', False),
('CLM00876', 'P00587', '2024-11-23', 9085.05, 'Rejected', 'Water Damage', 'Flooded during storm in garage', False),
('CLM00877', 'P00172', '2023-06-15', 4044.16, 'Under Review', 'Vandalism', 'Scratches and broken mirrors', False),
('CLM00878', 'P00473', '2024-08-30', 8901.42, 'Under Review', 'Vandalism', 'Scratches and broken mirrors', False),
('CLM00879', 'P00494', '2023-11-15', 9577.03, 'Rejected', 'Collision', 'Rear-end collision on motorway', False),
('CLM00880', 'P00523', '2025-01-13', 5038.58, 'Under Review', 'Collision', 'Rear-end collision on motorway', True),
('CLM00881', 'P00221', '2025-03-31', 968.77, 'Rejected', 'Fire', 'Engine fire due to overheating', False),
('CLM00882', 'P00183', '2023-09-14', 8346.6, 'Approved', 'Fire', 'Engine fire due to overheating', False),
('CLM00883', 'P00368', '2024-07-13', 7076.62, 'Approved', 'Vandalism', 'Scratches and broken mirrors', True),
('CLM00884', 'P00387', '2025-04-18', 3495.4, 'Rejected', 'Collision', 'Rear-end collision on motorway', True),
('CLM00885', 'P00514', '2024-03-12', 2441.36, 'Under Review', 'Fire', 'Engine fire due to overheating', True),
('CLM00886', 'P00494', '2024-04-28', 7239.47, 'Approved', 'Water Damage', 'Flooded during storm in garage', False),
('CLM00887', 'P00264', '2025-05-29', 2245.97, 'Rejected', 'Water Damage', 'Flooded during storm in garage', True),
('CLM00888', 'P00257', '2023-06-11', 7234.25, 'Under Review', 'Vandalism', 'Scratches and broken mirrors', False),
('CLM00889', 'P00600', '2024-05-10', 3101.25, 'Rejected', 'Water Damage', 'Flooded during storm in garage', True),
('CLM00890', 'P00026', '2024-03-22', 2179.27, 'Rejected', 'Vandalism', 'Scratches and broken mirrors', True),
('CLM00891', 'P00307', '2025-08-08', 7068.01, 'Rejected', 'Water Damage', 'Flooded during storm in garage', False),
('CLM00892', 'P00029', '2023-12-13', 7316.67, 'Rejected', 'Collision', 'Rear-end collision on motorway', True),
('CLM00893', 'P00279', '2025-01-07', 1950.83, 'Approved', 'Collision', 'Rear-end collision on motorway', True),
('CLM00894', 'P00110', '2025-01-18', 2577.41, 'Approved', 'Theft', 'Vehicle stolen from home driveway', True),
('CLM00895', 'P00347', '2024-05-16', 3757.21, 'Rejected', 'Collision', 'Rear-end collision on motorway', False),
('CLM00896', 'P00241', '2024-02-03', 1607.22, 'Under Review', 'Water Damage', 'Flooded during storm in garage', True),
('CLM00897', 'P00284', '2025-09-09', 6274.53, 'Rejected', 'Theft', 'Vehicle stolen from home driveway', True),
('CLM00898', 'P00166', '2024-01-03', 6350.89, 'Under Review', 'Fire', 'Engine fire due to overheating', True),
('CLM00899', 'P00170', '2025-10-21', 1707.37, 'Approved', 'Vandalism', 'Scratches and broken mirrors', True),
('CLM00900', 'P00570', '2026-02-18', 9244.21, 'Rejected', 'Theft', 'Vehicle stolen from home driveway', True),
('CLM00901', 'P00279', '2024-09-07', 6953.06, 'Under Review', 'Theft', 'Vehicle stolen from home driveway', True),
('CLM00902', 'P00112', '2024-06-06', 5425.77, 'Rejected', 'Theft', 'Vehicle stolen from home driveway', False),
('CLM00903', 'P00506', '2025-01-06', 7226.99, 'Under Review', 'Water Damage', 'Flooded during storm in garage', True),
('CLM00904', 'P00533', '2025-03-07', 9162.93, 'Approved', 'Theft', 'Vehicle stolen from home driveway', False),
('CLM00905', 'P00151', '2024-06-10', 8566.65, 'Approved', 'Fire', 'Engine fire due to overheating', True),
('CLM00906', 'P00503', '2024-11-12', 5645.57, 'Under Review', 'Vandalism', 'Scratches and broken mirrors', True),
('CLM00907', 'P00005', '2023-06-14', 958.77, 'Under Review', 'Theft', 'Vehicle stolen from home driveway', True),
('CLM00908', 'P00074', '2025-05-31', 2020.43, 'Approved', 'Water Damage', 'Flooded during storm in garage', True),
('CLM00909', 'P00118', '2024-08-05', 9284.84, 'Rejected', 'Collision', 'Rear-end collision on motorway', False),
('CLM00910', 'P00518', '2023-12-31', 9306.25, 'Approved', 'Fire', 'Engine fire due to overheating', True),
('CLM00911', 'P00600', '2024-12-11', 2463.88, 'Rejected', 'Collision', 'Rear-end collision on motorway', True),
('CLM00912', 'P00008', '2025-05-15', 8730.59, 'Under Review', 'Water Damage', 'Flooded during storm in garage', False),
('CLM00913', 'P00164', '2023-07-24', 5893.3, 'Under Review', 'Theft', 'Vehicle stolen from home driveway', True),
('CLM00914', 'P00135', '2023-11-03', 5125.13, 'Under Review', 'Fire', 'Engine fire due to overheating', False),
('CLM00915', 'P00509', '2024-06-05', 7991.69, 'Under Review', 'Theft', 'Vehicle stolen from home driveway', False),
('CLM00916', 'P00314', '2025-05-20', 9280.06, 'Rejected', 'Theft', 'Vehicle stolen from home driveway', True),
('CLM00917', 'P00425', '2025-12-10', 7360.15, 'Under Review', 'Fire', 'Engine fire due to overheating', True),
('CLM00918', 'P00159', '2025-05-20', 2919.47, 'Rejected', 'Fire', 'Engine fire due to overheating', True),
('CLM00919', 'P00475', '2025-07-11', 3299.55, 'Under Review', 'Vandalism', 'Scratches and broken mirrors', True),
('CLM00920', 'P00188', '2023-07-07', 6713.9, 'Rejected', 'Collision', 'Rear-end collision on motorway', True),
('CLM00921', 'P00479', '2024-09-08', 8094.96, 'Under Review', 'Theft', 'Vehicle stolen from home driveway', True),
('CLM00922', 'P00432', '2023-08-27', 2303.9, 'Approved', 'Theft', 'Vehicle stolen from home driveway', False),
('CLM00923', 'P00506', '2024-12-11', 6155.83, 'Under Review', 'Fire', 'Engine fire due to overheating', False),
('CLM00924', 'P00366', '2024-04-05', 1370.67, 'Under Review', 'Vandalism', 'Scratches and broken mirrors', False),
('CLM00925', 'P00082', '2024-08-18', 8974.78, 'Approved', 'Water Damage', 'Flooded during storm in garage', False),
('CLM00926', 'P00121', '2025-07-06', 1534.41, 'Rejected', 'Vandalism', 'Scratches and broken mirrors', False),
('CLM00927', 'P00552', '2025-05-18', 2499.64, 'Rejected', 'Vandalism', 'Scratches and broken mirrors', False),
('CLM00928', 'P00552', '2025-04-10', 3524.92, 'Rejected', 'Fire', 'Engine fire due to overheating', True),
('CLM00929', 'P00112', '2024-06-17', 1654.73, 'Rejected', 'Vandalism', 'Scratches and broken mirrors', False),
('CLM00930', 'P00322', '2024-10-21', 1905.52, 'Approved', 'Theft', 'Vehicle stolen from home driveway', True),
('CLM00931', 'P00582', '2025-01-01', 6854.47, 'Rejected', 'Vandalism', 'Scratches and broken mirrors', False),
('CLM00932', 'P00589', '2024-10-04', 6971.25, 'Rejected', 'Theft', 'Vehicle stolen from home driveway', True),
('CLM00933', 'P00155', '2024-06-20', 9945.0, 'Approved', 'Vandalism', 'Scratches and broken mirrors', True),
('CLM00934', 'P00432', '2024-01-07', 9309.87, 'Under Review', 'Fire', 'Engine fire due to overheating', True),
('CLM00935', 'P00408', '2024-06-15', 8484.17, 'Under Review', 'Vandalism', 'Scratches and broken mirrors', False),
('CLM00936', 'P00410', '2025-05-19', 4038.69, 'Rejected', 'Vandalism', 'Scratches and broken mirrors', True),
('CLM00937', 'P00191', '2024-06-10', 3111.51, 'Approved', 'Water Damage', 'Flooded during storm in garage', False),
('CLM00938', 'P00233', '2024-12-10', 6038.55, 'Approved', 'Vandalism', 'Scratches and broken mirrors', True),
('CLM00939', 'P00227', '2023-07-22', 9331.76, 'Under Review', 'Vandalism', 'Scratches and broken mirrors', True),
('CLM00940', 'P00450', '2025-03-20', 1976.71, 'Approved', 'Theft', 'Vehicle stolen from home driveway', False),
('CLM00941', 'P00180', '2024-03-30', 8275.64, 'Under Review', 'Fire', 'Engine fire due to overheating', True),
('CLM00942', 'P00020', '2024-07-14', 3560.42, 'Rejected', 'Theft', 'Vehicle stolen from home driveway', False),
('CLM00943', 'P00183', '2023-08-03', 9730.23, 'Under Review', 'Theft', 'Vehicle stolen from home driveway', False),
('CLM00944', 'P00064', '2025-09-24', 1611.84, 'Rejected', 'Vandalism', 'Scratches and broken mirrors', False),
('CLM00945', 'P00150', '2025-10-12', 5296.05, 'Rejected', 'Water Damage', 'Flooded during storm in garage', False),
('CLM00946', 'P00518', '2023-09-26', 2168.95, 'Under Review', 'Water Damage', 'Flooded during storm in garage', True),
('CLM00947', 'P00265', '2024-09-26', 3298.4, 'Rejected', 'Collision', 'Rear-end collision on motorway', False),
('CLM00948', 'P00581', '2023-10-28', 8414.74, 'Approved', 'Vandalism', 'Scratches and broken mirrors', False),
('CLM00949', 'P00235', '2025-03-08', 2891.69, 'Under Review', 'Collision', 'Rear-end collision on motorway', False),
('CLM00950', 'P00568', '2024-10-03', 6676.69, 'Approved', 'Water Damage', 'Flooded during storm in garage', True),
('CLM00951', 'P00119', '2023-04-13', 2996.19, 'Approved', 'Water Damage', 'Flooded during storm in garage', False),
('CLM00952', 'P00328', '2024-12-18', 6139.82, 'Approved', 'Vandalism', 'Scratches and broken mirrors', False),
('CLM00953', 'P00381', '2025-08-23', 4093.82, 'Under Review', 'Fire', 'Engine fire due to overheating', True),
('CLM00954', 'P00016', '2024-06-13', 1828.02, 'Approved', 'Vandalism', 'Scratches and broken mirrors', True),
('CLM00955', 'P00187', '2023-11-24', 2835.85, 'Rejected', 'Vandalism', 'Scratches and broken mirrors', False),
('CLM00956', 'P00250', '2024-11-05', 3587.34, 'Approved', 'Collision', 'Rear-end collision on motorway', False),
('CLM00957', 'P00111', '2024-03-10', 7646.76, 'Approved', 'Fire', 'Engine fire due to overheating', True),
('CLM00958', 'P00379', '2024-09-24', 6515.5, 'Rejected', 'Vandalism', 'Scratches and broken mirrors', True),
('CLM00959', 'P00510', '2023-08-17', 4844.9, 'Rejected', 'Vandalism', 'Scratches and broken mirrors', False),
('CLM00960', 'P00579', '2025-05-14', 5524.77, 'Under Review', 'Water Damage', 'Flooded during storm in garage', True),
('CLM00961', 'P00545', '2024-11-22', 9531.51, 'Approved', 'Theft', 'Vehicle stolen from home driveway', True),
('CLM00962', 'P00468', '2024-10-09', 7246.73, 'Approved', 'Theft', 'Vehicle stolen from home driveway', False),
('CLM00963', 'P00407', '2025-05-24', 9270.57, 'Rejected', 'Theft', 'Vehicle stolen from home driveway', True),
('CLM00964', 'P00485', '2024-05-16', 5036.68, 'Approved', 'Vandalism', 'Scratches and broken mirrors', False),
('CLM00965', 'P00433', '2025-03-21', 1455.03, 'Under Review', 'Collision', 'Rear-end collision on motorway', False),
('CLM00966', 'P00464', '2024-04-11', 6710.65, 'Approved', 'Water Damage', 'Flooded during storm in garage', False),
('CLM00967', 'P00089', '2024-03-07', 7049.28, 'Rejected', 'Vandalism', 'Scratches and broken mirrors', False),
('CLM00968', 'P00109', '2023-12-29', 3790.97, 'Under Review', 'Water Damage', 'Flooded during storm in garage', False),
('CLM00969', 'P00307', '2025-09-11', 6047.36, 'Approved', 'Theft', 'Vehicle stolen from home driveway', True),
('CLM00970', 'P00069', '2025-03-20', 4146.12, 'Approved', 'Fire', 'Engine fire due to overheating', True),
('CLM00971', 'P00558', '2023-05-25', 9590.6, 'Rejected', 'Collision', 'Rear-end collision on motorway', True),
('CLM00972', 'P00376', '2023-08-15', 745.25, 'Under Review', 'Vandalism', 'Scratches and broken mirrors', False),
('CLM00973', 'P00297', '2023-10-15', 4726.73, 'Rejected', 'Theft', 'Vehicle stolen from home driveway', True),
('CLM00974', 'P00332', '2024-09-06', 5911.02, 'Approved', 'Theft', 'Vehicle stolen from home driveway', False),
('CLM00975', 'P00336', '2025-10-19', 1930.51, 'Approved', 'Collision', 'Rear-end collision on motorway', False),
('CLM00976', 'P00310', '2025-10-15', 9824.32, 'Rejected', 'Vandalism', 'Scratches and broken mirrors', False),
('CLM00977', 'P00433', '2025-06-01', 4894.19, 'Approved', 'Collision', 'Rear-end collision on motorway', False),
('CLM00978', 'P00120', '2023-09-08', 4296.45, 'Rejected', 'Water Damage', 'Flooded during storm in garage', True),
('CLM00979', 'P00549', '2025-02-25', 3714.97, 'Rejected', 'Theft', 'Vehicle stolen from home driveway', True),
('CLM00980', 'P00453', '2024-02-12', 3092.6, 'Approved', 'Theft', 'Vehicle stolen from home driveway', True),
('CLM00981', 'P00371', '2025-06-25', 6884.63, 'Rejected', 'Vandalism', 'Scratches and broken mirrors', True),
('CLM00982', 'P00449', '2025-01-30', 7186.14, 'Rejected', 'Collision', 'Rear-end collision on motorway', True),
('CLM00983', 'P00019', '2025-05-13', 6871.27, 'Approved', 'Fire', 'Engine fire due to overheating', False),
('CLM00984', 'P00202', '2024-01-13', 6828.72, 'Rejected', 'Fire', 'Engine fire due to overheating', False),
('CLM00985', 'P00039', '2025-04-30', 6926.35, 'Approved', 'Vandalism', 'Scratches and broken mirrors', False),
('CLM00986', 'P00390', '2023-11-03', 7977.08, 'Under Review', 'Water Damage', 'Flooded during storm in garage', True),
('CLM00987', 'P00270', '2025-10-28', 2399.31, 'Under Review', 'Fire', 'Engine fire due to overheating', False),
('CLM00988', 'P00363', '2025-03-04', 702.13, 'Approved', 'Theft', 'Vehicle stolen from home driveway', False),
('CLM00989', 'P00209', '2023-09-11', 5078.35, 'Under Review', 'Fire', 'Engine fire due to overheating', False),
('CLM00990', 'P00227', '2024-05-11', 1528.7, 'Approved', 'Water Damage', 'Flooded during storm in garage', True),
('CLM00991', 'P00525', '2025-01-14', 2033.25, 'Under Review', 'Collision', 'Rear-end collision on motorway', True),
('CLM00992', 'P00523', '2025-06-20', 2588.98, 'Approved', 'Vandalism', 'Scratches and broken mirrors', True),
('CLM00993', 'P00580', '2025-09-19', 3500.67, 'Approved', 'Water Damage', 'Flooded during storm in garage', True),
('CLM00994', 'P00201', '2025-03-13', 2591.57, 'Under Review', 'Collision', 'Rear-end collision on motorway', False),
('CLM00995', 'P00381', '2025-07-16', 9759.13, 'Approved', 'Fire', 'Engine fire due to overheating', True),
('CLM00996', 'P00139', '2024-09-18', 5734.72, 'Approved', 'Theft', 'Vehicle stolen from home driveway', False),
('CLM00997', 'P00110', '2025-05-06', 8256.47, 'Rejected', 'Vandalism', 'Scratches and broken mirrors', False),
('CLM00998', 'P00531', '2024-11-06', 7176.88, 'Approved', 'Fire', 'Engine fire due to overheating', True),
('CLM00999', 'P00466', '2024-10-22', 558.71, 'Rejected', 'Fire', 'Engine fire due to overheating', True),
('CLM01000', 'P00054', '2025-02-25', 9345.08, 'Rejected', 'Collision', 'Rear-end collision on motorway', True),
('CLM01001', 'P00101', '2025-04-21', 1283.84, 'Approved', 'Fire', 'Engine fire due to overheating', False),
('CLM01002', 'P00016', '2024-12-18', 6358.25, 'Approved', 'Theft', 'Vehicle stolen from home driveway', False),
('CLM01003', 'P00588', '2024-05-09', 5773.24, 'Rejected', 'Collision', 'Rear-end collision on motorway', True),
('CLM01004', 'P00109', '2024-06-19', 915.36, 'Under Review', 'Fire', 'Engine fire due to overheating', False),
('CLM01005', 'P00452', '2024-05-03', 7269.59, 'Approved', 'Water Damage', 'Flooded during storm in garage', True),
('CLM01006', 'P00068', '2024-02-28', 8453.78, 'Rejected', 'Water Damage', 'Flooded during storm in garage', True),
('CLM01007', 'P00096', '2025-08-15', 991.66, 'Under Review', 'Collision', 'Rear-end collision on motorway', True),
('CLM01008', 'P00204', '2024-12-06', 5902.99, 'Approved', 'Water Damage', 'Flooded during storm in garage', True),
('CLM01009', 'P00490', '2025-01-11', 3302.01, 'Under Review', 'Water Damage', 'Flooded during storm in garage', True),
('CLM01010', 'P00302', '2024-11-18', 9478.81, 'Rejected', 'Collision', 'Rear-end collision on motorway', False),
('CLM01011', 'P00329', '2024-08-13', 4650.95, 'Approved', 'Theft', 'Vehicle stolen from home driveway', True),
('CLM01012', 'P00134', '2024-11-18', 3946.17, 'Under Review', 'Collision', 'Rear-end collision on motorway', True),
('CLM01013', 'P00247', '2025-01-10', 6191.6, 'Rejected', 'Theft', 'Vehicle stolen from home driveway', True),
('CLM01014', 'P00433', '2025-07-21', 3201.28, 'Under Review', 'Theft', 'Vehicle stolen from home driveway', False),
('CLM01015', 'P00053', '2024-01-23', 1467.96, 'Under Review', 'Theft', 'Vehicle stolen from home driveway', True),
('CLM01016', 'P00322', '2024-04-21', 815.76, 'Rejected', 'Fire', 'Engine fire due to overheating', True),
('CLM01017', 'P00230', '2024-02-27', 9213.91, 'Rejected', 'Collision', 'Rear-end collision on motorway', True),
('CLM01018', 'P00231', '2025-06-08', 5400.59, 'Rejected', 'Collision', 'Rear-end collision on motorway', True),
('CLM01019', 'P00266', '2024-07-18', 5015.59, 'Rejected', 'Water Damage', 'Flooded during storm in garage', True),
('CLM01020', 'P00249', '2024-12-17', 5886.47, 'Under Review', 'Fire', 'Engine fire due to overheating', False),
('CLM01021', 'P00313', '2025-05-27', 9044.04, 'Rejected', 'Water Damage', 'Flooded during storm in garage', True),
('CLM01022', 'P00052', '2023-11-01', 8507.16, 'Approved', 'Water Damage', 'Flooded during storm in garage', True),
('CLM01023', 'P00460', '2025-02-19', 7331.07, 'Rejected', 'Theft', 'Vehicle stolen from home driveway', False),
('CLM01024', 'P00373', '2024-10-06', 2320.34, 'Approved', 'Water Damage', 'Flooded during storm in garage', False),
('CLM01025', 'P00388', '2023-10-02', 8742.59, 'Under Review', 'Fire', 'Engine fire due to overheating', False),
('CLM01026', 'P00044', '2025-03-08', 7857.62, 'Under Review', 'Theft', 'Vehicle stolen from home driveway', True),
('CLM01027', 'P00266', '2024-08-14', 5189.97, 'Under Review', 'Theft', 'Vehicle stolen from home driveway', True),
('CLM01028', 'P00346', '2024-07-02', 4515.65, 'Under Review', 'Vandalism', 'Scratches and broken mirrors', True),
('CLM01029', 'P00142', '2025-08-24', 2356.71, 'Under Review', 'Collision', 'Rear-end collision on motorway', False),
('CLM01030', 'P00287', '2024-04-22', 8955.67, 'Rejected', 'Vandalism', 'Scratches and broken mirrors', True),
('CLM01031', 'P00100', '2024-11-29', 3527.28, 'Approved', 'Collision', 'Rear-end collision on motorway', False),
('CLM01032', 'P00078', '2024-05-09', 4809.37, 'Under Review', 'Collision', 'Rear-end collision on motorway', False),
('CLM01033', 'P00111', '2024-01-17', 3071.91, 'Rejected', 'Collision', 'Rear-end collision on motorway', False),
('CLM01034', 'P00240', '2025-01-19', 5726.61, 'Approved', 'Fire', 'Engine fire due to overheating', True),
('CLM01035', 'P00306', '2025-04-11', 6620.3, 'Under Review', 'Theft', 'Vehicle stolen from home driveway', False),
('CLM01036', 'P00031', '2024-12-07', 8820.31, 'Under Review', 'Water Damage', 'Flooded during storm in garage', True),
('CLM01037', 'P00506', '2024-11-19', 7046.56, 'Under Review', 'Vandalism', 'Scratches and broken mirrors', True),
('CLM01038', 'P00191', '2025-02-26', 3174.89, 'Under Review', 'Collision', 'Rear-end collision on motorway', True),
('CLM01039', 'P00296', '2023-10-29', 6805.22, 'Approved', 'Collision', 'Rear-end collision on motorway', True),
('CLM01040', 'P00458', '2024-11-18', 8025.95, 'Under Review', 'Water Damage', 'Flooded during storm in garage', False),
('CLM01041', 'P00317', '2023-12-29', 2329.63, 'Rejected', 'Theft', 'Vehicle stolen from home driveway', True),
('CLM01042', 'P00568', '2024-08-10', 6586.8, 'Under Review', 'Theft', 'Vehicle stolen from home driveway', False),
('CLM01043', 'P00314', '2025-07-10', 9701.58, 'Under Review', 'Collision', 'Rear-end collision on motorway', False),
('CLM01044', 'P00009', '2024-03-21', 4849.68, 'Approved', 'Vandalism', 'Scratches and broken mirrors', False),
('CLM01045', 'P00372', '2023-05-28', 5170.42, 'Approved', 'Water Damage', 'Flooded during storm in garage', False),
('CLM01046', 'P00322', '2024-02-07', 7048.6, 'Under Review', 'Water Damage', 'Flooded during storm in garage', True),
('CLM01047', 'P00324', '2025-01-24', 7467.34, 'Under Review', 'Water Damage', 'Flooded during storm in garage', False),
('CLM01048', 'P00535', '2025-08-08', 5886.83, 'Rejected', 'Water Damage', 'Flooded during storm in garage', True),
('CLM01049', 'P00270', '2025-04-20', 9839.52, 'Approved', 'Theft', 'Vehicle stolen from home driveway', True),
('CLM01050', 'P00174', '2024-11-20', 9689.59, 'Under Review', 'Theft', 'Vehicle stolen from home driveway', False),
('CLM01051', 'P00413', '2025-06-11', 7557.62, 'Rejected', 'Water Damage', 'Flooded during storm in garage', False),
('CLM01052', 'P00587', '2024-10-31', 8037.06, 'Under Review', 'Collision', 'Rear-end collision on motorway', True),
('CLM01053', 'P00026', '2025-02-11', 691.55, 'Under Review', 'Vandalism', 'Scratches and broken mirrors', False),
('CLM01054', 'P00360', '2024-05-05', 2957.09, 'Under Review', 'Theft', 'Vehicle stolen from home driveway', False),
('CLM01055', 'P00437', '2024-04-18', 9141.73, 'Approved', 'Water Damage', 'Flooded during storm in garage', True),
('CLM01056', 'P00560', '2024-10-24', 5771.27, 'Rejected', 'Theft', 'Vehicle stolen from home driveway', False),
('CLM01057', 'P00014', '2024-07-21', 8779.96, 'Rejected', 'Theft', 'Vehicle stolen from home driveway', True),
('CLM01058', 'P00590', '2024-05-24', 6899.09, 'Approved', 'Water Damage', 'Flooded during storm in garage', False),
('CLM01059', 'P00345', '2024-08-09', 4225.27, 'Approved', 'Collision', 'Rear-end collision on motorway', True),
('CLM01060', 'P00424', '2025-12-17', 7632.75, 'Under Review', 'Fire', 'Engine fire due to overheating', True),
('CLM01061', 'P00130', '2025-09-07', 8129.06, 'Approved', 'Water Damage', 'Flooded during storm in garage', True),
('CLM01062', 'P00361', '2023-11-09', 1702.0, 'Under Review', 'Fire', 'Engine fire due to overheating', True),
('CLM01063', 'P00369', '2025-08-07', 9116.75, 'Approved', 'Collision', 'Rear-end collision on motorway', False),
('CLM01064', 'P00091', '2025-04-10', 7997.78, 'Under Review', 'Fire', 'Engine fire due to overheating', True),
('CLM01065', 'P00354', '2025-08-13', 9773.45, 'Approved', 'Theft', 'Vehicle stolen from home driveway', True),
('CLM01066', 'P00204', '2025-01-18', 1243.08, 'Approved', 'Collision', 'Rear-end collision on motorway', True),
('CLM01067', 'P00412', '2025-05-15', 3087.77, 'Approved', 'Water Damage', 'Flooded during storm in garage', True),
('CLM01068', 'P00595', '2025-03-13', 571.55, 'Approved', 'Collision', 'Rear-end collision on motorway', False),
('CLM01069', 'P00005', '2024-02-21', 933.2, 'Rejected', 'Water Damage', 'Flooded during storm in garage', False),
('CLM01070', 'P00149', '2024-10-21', 3263.89, 'Approved', 'Water Damage', 'Flooded during storm in garage', True),
('CLM01071', 'P00398', '2023-06-19', 1662.76, 'Approved', 'Theft', 'Vehicle stolen from home driveway', True),
('CLM01072', 'P00580', '2025-10-26', 8524.02, 'Under Review', 'Vandalism', 'Scratches and broken mirrors', False),
('CLM01073', 'P00302', '2025-09-06', 1826.53, 'Rejected', 'Fire', 'Engine fire due to overheating', True),
('CLM01074', 'P00042', '2024-03-17', 8279.75, 'Rejected', 'Fire', 'Engine fire due to overheating', False),
('CLM01075', 'P00346', '2024-10-17', 4781.25, 'Rejected', 'Vandalism', 'Scratches and broken mirrors', False),
('CLM01076', 'P00467', '2024-10-21', 7940.96, 'Rejected', 'Collision', 'Rear-end collision on motorway', True),
('CLM01077', 'P00321', '2024-09-27', 3194.01, 'Rejected', 'Collision', 'Rear-end collision on motorway', False),
('CLM01078', 'P00389', '2024-03-24', 9213.49, 'Rejected', 'Vandalism', 'Scratches and broken mirrors', False),
('CLM01079', 'P00477', '2023-11-14', 6381.89, 'Approved', 'Vandalism', 'Scratches and broken mirrors', True),
('CLM01080', 'P00159', '2025-08-04', 8865.22, 'Rejected', 'Fire', 'Engine fire due to overheating', False),
('CLM01081', 'P00199', '2025-04-14', 6417.14, 'Rejected', 'Water Damage', 'Flooded during storm in garage', False),
('CLM01082', 'P00029', '2023-09-19', 2383.95, 'Approved', 'Theft', 'Vehicle stolen from home driveway', False),
('CLM01083', 'P00014', '2024-03-13', 7578.36, 'Rejected', 'Fire', 'Engine fire due to overheating', True),
('CLM01084', 'P00553', '2025-08-17', 2321.76, 'Under Review', 'Vandalism', 'Scratches and broken mirrors', False),
('CLM01085', 'P00454', '2025-02-09', 4608.6, 'Under Review', 'Water Damage', 'Flooded during storm in garage', True),
('CLM01086', 'P00542', '2025-03-02', 3119.93, 'Under Review', 'Collision', 'Rear-end collision on motorway', False),
('CLM01087', 'P00349', '2025-04-18', 2103.31, 'Under Review', 'Theft', 'Vehicle stolen from home driveway', False),
('CLM01088', 'P00444', '2024-08-17', 8493.21, 'Approved', 'Theft', 'Vehicle stolen from home driveway', True),
('CLM01089', 'P00111', '2024-01-25', 6846.78, 'Under Review', 'Collision', 'Rear-end collision on motorway', False),
('CLM01090', 'P00116', '2024-09-13', 3328.25, 'Under Review', 'Fire', 'Engine fire due to overheating', True),
('CLM01091', 'P00342', '2024-08-14', 9674.29, 'Approved', 'Water Damage', 'Flooded during storm in garage', True),
('CLM01092', 'P00189', '2024-01-16', 3557.54, 'Rejected', 'Theft', 'Vehicle stolen from home driveway', False),
('CLM01093', 'P00053', '2024-12-07', 5518.67, 'Rejected', 'Vandalism', 'Scratches and broken mirrors', False),
('CLM01094', 'P00297', '2024-06-01', 4671.06, 'Approved', 'Vandalism', 'Scratches and broken mirrors', False),
('CLM01095', 'P00184', '2024-09-24', 6716.59, 'Rejected', 'Collision', 'Rear-end collision on motorway', False),
('CLM01096', 'P00373', '2024-08-31', 3380.07, 'Rejected', 'Vandalism', 'Scratches and broken mirrors', True),
('CLM01097', 'P00503', '2024-12-21', 2506.5, 'Rejected', 'Theft', 'Vehicle stolen from home driveway', False),
('CLM01098', 'P00066', '2025-02-26', 4731.76, 'Rejected', 'Collision', 'Rear-end collision on motorway', False),
('CLM01099', 'P00192', '2025-01-07', 1446.32, 'Rejected', 'Fire', 'Engine fire due to overheating', True),
('CLM01100', 'P00516', '2024-05-22', 580.12, 'Approved', 'Theft', 'Vehicle stolen from home driveway', True),
('CLM01101', 'P00006', '2024-02-27', 1919.76, 'Under Review', 'Water Damage', 'Flooded during storm in garage', False),
('CLM01102', 'P00101', '2025-04-18', 5683.77, 'Approved', 'Collision', 'Rear-end collision on motorway', True),
('CLM01103', 'P00058', '2025-01-22', 4795.01, 'Approved', 'Water Damage', 'Flooded during storm in garage', True),
('CLM01104', 'P00359', '2024-05-14', 5057.96, 'Approved', 'Vandalism', 'Scratches and broken mirrors', False),
('CLM01105', 'P00160', '2024-12-02', 6240.26, 'Under Review', 'Water Damage', 'Flooded during storm in garage', True),
('CLM01106', 'P00494', '2023-06-21', 5598.78, 'Under Review', 'Theft', 'Vehicle stolen from home driveway', False),
('CLM01107', 'P00195', '2025-01-28', 7233.27, 'Under Review', 'Fire', 'Engine fire due to overheating', True),
('CLM01108', 'P00578', '2025-02-22', 4279.63, 'Under Review', 'Fire', 'Engine fire due to overheating', False),
('CLM01109', 'P00153', '2024-04-19', 1142.97, 'Approved', 'Theft', 'Vehicle stolen from home driveway', True),
('CLM01110', 'P00575', '2024-01-12', 7427.21, 'Under Review', 'Fire', 'Engine fire due to overheating', True),
('CLM01111', 'P00576', '2024-01-25', 2096.56, 'Approved', 'Vandalism', 'Scratches and broken mirrors', False),
('CLM01112', 'P00503', '2025-02-23', 2692.48, 'Rejected', 'Vandalism', 'Scratches and broken mirrors', True),
('CLM01113', 'P00100', '2025-07-12', 4016.46, 'Approved', 'Fire', 'Engine fire due to overheating', False),
('CLM01114', 'P00556', '2024-12-19', 1243.73, 'Under Review', 'Theft', 'Vehicle stolen from home driveway', False),
('CLM01115', 'P00175', '2023-05-31', 3430.08, 'Rejected', 'Theft', 'Vehicle stolen from home driveway', True),
('CLM01116', 'P00223', '2023-10-09', 665.61, 'Under Review', 'Collision', 'Rear-end collision on motorway', True),
('CLM01117', 'P00487', '2025-08-02', 2864.66, 'Approved', 'Fire', 'Engine fire due to overheating', False),
('CLM01118', 'P00271', '2024-07-14', 9308.42, 'Under Review', 'Collision', 'Rear-end collision on motorway', False),
('CLM01119', 'P00261', '2025-04-07', 5718.15, 'Under Review', 'Theft', 'Vehicle stolen from home driveway', True),
('CLM01120', 'P00395', '2025-04-26', 1633.52, 'Approved', 'Fire', 'Engine fire due to overheating', False),
('CLM01121', 'P00126', '2025-05-29', 1277.8, 'Under Review', 'Fire', 'Engine fire due to overheating', False),
('CLM01122', 'P00499', '2025-02-01', 5612.46, 'Approved', 'Theft', 'Vehicle stolen from home driveway', True),
('CLM01123', 'P00015', '2025-12-12', 7007.88, 'Approved', 'Collision', 'Rear-end collision on motorway', False),
('CLM01124', 'P00275', '2025-03-04', 5427.91, 'Under Review', 'Water Damage', 'Flooded during storm in garage', True),
('CLM01125', 'P00259', '2025-08-21', 1020.71, 'Rejected', 'Fire', 'Engine fire due to overheating', True),
('CLM01126', 'P00139', '2023-11-11', 7245.3, 'Under Review', 'Water Damage', 'Flooded during storm in garage', True),
('CLM01127', 'P00055', '2024-06-13', 3085.38, 'Under Review', 'Water Damage', 'Flooded during storm in garage', True),
('CLM01128', 'P00275', '2025-06-23', 9747.92, 'Approved', 'Fire', 'Engine fire due to overheating', True),
('CLM01129', 'P00199', '2024-09-16', 9185.24, 'Approved', 'Water Damage', 'Flooded during storm in garage', True),
('CLM01130', 'P00248', '2023-11-30', 4835.38, 'Under Review', 'Fire', 'Engine fire due to overheating', False),
('CLM01131', 'P00006', '2024-01-03', 5668.97, 'Rejected', 'Fire', 'Engine fire due to overheating', False),
('CLM01132', 'P00239', '2026-02-06', 2960.74, 'Under Review', 'Fire', 'Engine fire due to overheating', True),
('CLM01133', 'P00191', '2025-02-19', 9698.04, 'Under Review', 'Collision', 'Rear-end collision on motorway', True),
('CLM01134', 'P00269', '2024-08-05', 1558.58, 'Under Review', 'Collision', 'Rear-end collision on motorway', True),
('CLM01135', 'P00233', '2024-06-28', 964.59, 'Rejected', 'Fire', 'Engine fire due to overheating', False),
('CLM01136', 'P00341', '2024-01-12', 1792.2, 'Approved', 'Collision', 'Rear-end collision on motorway', False),
('CLM01137', 'P00298', '2023-07-21', 9797.55, 'Rejected', 'Fire', 'Engine fire due to overheating', True),
('CLM01138', 'P00365', '2024-06-15', 8203.81, 'Rejected', 'Theft', 'Vehicle stolen from home driveway', True),
('CLM01139', 'P00419', '2023-09-07', 1168.66, 'Under Review', 'Theft', 'Vehicle stolen from home driveway', True),
('CLM01140', 'P00542', '2024-10-29', 7249.77, 'Under Review', 'Fire', 'Engine fire due to overheating', True),
('CLM01141', 'P00535', '2024-08-22', 9479.86, 'Rejected', 'Collision', 'Rear-end collision on motorway', False),
('CLM01142', 'P00156', '2024-07-23', 1047.45, 'Under Review', 'Collision', 'Rear-end collision on motorway', False),
('CLM01143', 'P00542', '2024-12-29', 3825.97, 'Rejected', 'Theft', 'Vehicle stolen from home driveway', False),
('CLM01144', 'P00312', '2025-02-25', 3913.4, 'Rejected', 'Fire', 'Engine fire due to overheating', False),
('CLM01145', 'P00546', '2023-09-17', 1394.26, 'Under Review', 'Water Damage', 'Flooded during storm in garage', True),
('CLM01146', 'P00240', '2024-12-30', 5948.27, 'Rejected', 'Collision', 'Rear-end collision on motorway', True),
('CLM01147', 'P00472', '2025-03-26', 5141.1, 'Approved', 'Vandalism', 'Scratches and broken mirrors', False),
('CLM01148', 'P00137', '2024-07-05', 2972.34, 'Under Review', 'Collision', 'Rear-end collision on motorway', True),
('CLM01149', 'P00373', '2025-05-19', 9058.85, 'Rejected', 'Collision', 'Rear-end collision on motorway', False),
('CLM01150', 'P00488', '2024-12-11', 4879.96, 'Rejected', 'Fire', 'Engine fire due to overheating', True),
('CLM01151', 'P00223', '2023-08-02', 9384.21, 'Approved', 'Theft', 'Vehicle stolen from home driveway', True),
('CLM01152', 'P00581', '2023-09-01', 2510.15, 'Approved', 'Fire', 'Engine fire due to overheating', True),
('CLM01153', 'P00174', '2025-02-02', 9034.91, 'Approved', 'Collision', 'Rear-end collision on motorway', False),
('CLM01154', 'P00255', '2024-09-01', 5174.96, 'Approved', 'Fire', 'Engine fire due to overheating', False),
('CLM01155', 'P00283', '2024-06-04', 4356.36, 'Under Review', 'Vandalism', 'Scratches and broken mirrors', True),
('CLM01156', 'P00418', '2024-03-22', 5422.1, 'Approved', 'Collision', 'Rear-end collision on motorway', True),
('CLM01157', 'P00240', '2025-05-05', 9855.6, 'Under Review', 'Water Damage', 'Flooded during storm in garage', True),
('CLM01158', 'P00581', '2023-11-06', 6916.15, 'Approved', 'Collision', 'Rear-end collision on motorway', True),
('CLM01159', 'P00402', '2025-08-04', 9242.9, 'Under Review', 'Collision', 'Rear-end collision on motorway', True),
('CLM01160', 'P00027', '2024-09-01', 4977.93, 'Approved', 'Collision', 'Rear-end collision on motorway', False),
('CLM01161', 'P00165', '2023-12-11', 9204.83, 'Rejected', 'Fire', 'Engine fire due to overheating', True),
('CLM01162', 'P00202', '2023-11-05', 7045.97, 'Rejected', 'Vandalism', 'Scratches and broken mirrors', True),
('CLM01163', 'P00412', '2024-07-29', 1357.78, 'Rejected', 'Theft', 'Vehicle stolen from home driveway', False),
('CLM01164', 'P00380', '2024-08-10', 9985.19, 'Approved', 'Theft', 'Vehicle stolen from home driveway', True),
('CLM01165', 'P00256', '2024-01-25', 1042.84, 'Rejected', 'Water Damage', 'Flooded during storm in garage', True),
('CLM01166', 'P00360', '2024-05-10', 1435.8, 'Rejected', 'Vandalism', 'Scratches and broken mirrors', True),
('CLM01167', 'P00331', '2023-07-16', 5200.88, 'Approved', 'Water Damage', 'Flooded during storm in garage', False),
('CLM01168', 'P00384', '2024-05-30', 9831.54, 'Under Review', 'Fire', 'Engine fire due to overheating', False),
('CLM01169', 'P00048', '2023-11-25', 6619.29, 'Approved', 'Water Damage', 'Flooded during storm in garage', True),
('CLM01170', 'P00378', '2023-11-08', 3886.64, 'Rejected', 'Vandalism', 'Scratches and broken mirrors', True),
('CLM01171', 'P00036', '2024-01-06', 4178.21, 'Rejected', 'Theft', 'Vehicle stolen from home driveway', False),
('CLM01172', 'P00477', '2023-12-13', 8597.63, 'Under Review', 'Fire', 'Engine fire due to overheating', True),
('CLM01173', 'P00244', '2024-05-21', 4643.42, 'Rejected', 'Fire', 'Engine fire due to overheating', True),
('CLM01174', 'P00454', '2024-12-20', 973.83, 'Approved', 'Collision', 'Rear-end collision on motorway', False),
('CLM01175', 'P00161', '2024-09-22', 4977.37, 'Rejected', 'Theft', 'Vehicle stolen from home driveway', True),
('CLM01176', 'P00436', '2024-03-18', 6907.23, 'Rejected', 'Collision', 'Rear-end collision on motorway', True),
('CLM01177', 'P00488', '2024-10-25', 7533.01, 'Approved', 'Theft', 'Vehicle stolen from home driveway', True),
('CLM01178', 'P00443', '2025-05-12', 2126.63, 'Rejected', 'Collision', 'Rear-end collision on motorway', False),
('CLM01179', 'P00275', '2025-04-26', 3021.16, 'Under Review', 'Water Damage', 'Flooded during storm in garage', True),
('CLM01180', 'P00290', '2024-08-16', 4090.06, 'Rejected', 'Vandalism', 'Scratches and broken mirrors', True),
('CLM01181', 'P00140', '2024-09-03', 9394.16, 'Approved', 'Vandalism', 'Scratches and broken mirrors', False),
('CLM01182', 'P00080', '2025-04-18', 1264.65, 'Under Review', 'Water Damage', 'Flooded during storm in garage', True),
('CLM01183', 'P00510', '2023-10-12', 886.64, 'Under Review', 'Vandalism', 'Scratches and broken mirrors', False),
('CLM01184', 'P00571', '2025-05-18', 4919.0, 'Under Review', 'Water Damage', 'Flooded during storm in garage', True),
('CLM01185', 'P00522', '2025-12-06', 5880.3, 'Under Review', 'Vandalism', 'Scratches and broken mirrors', True),
('CLM01186', 'P00371', '2025-10-09', 5098.95, 'Under Review', 'Vandalism', 'Scratches and broken mirrors', True),
('CLM01187', 'P00247', '2025-09-12', 1565.44, 'Rejected', 'Vandalism', 'Scratches and broken mirrors', True),
('CLM01188', 'P00314', '2025-04-26', 8649.98, 'Under Review', 'Water Damage', 'Flooded during storm in garage', True),
('CLM01189', 'P00394', '2025-07-24', 1499.95, 'Rejected', 'Collision', 'Rear-end collision on motorway', False),
('CLM01190', 'P00318', '2025-06-23', 4053.37, 'Approved', 'Water Damage', 'Flooded during storm in garage', True),
('CLM01191', 'P00477', '2023-05-23', 2536.73, 'Approved', 'Vandalism', 'Scratches and broken mirrors', False),
('CLM01192', 'P00598', '2024-05-31', 1221.44, 'Rejected', 'Collision', 'Rear-end collision on motorway', True),
('CLM01193', 'P00311', '2024-01-10', 4560.78, 'Approved', 'Vandalism', 'Scratches and broken mirrors', False),
('CLM01194', 'P00175', '2023-12-20', 2512.54, 'Under Review', 'Vandalism', 'Scratches and broken mirrors', False),
('CLM01195', 'P00503', '2024-07-23', 5236.76, 'Rejected', 'Fire', 'Engine fire due to overheating', True),
('CLM01196', 'P00463', '2023-11-22', 9051.62, 'Approved', 'Water Damage', 'Flooded during storm in garage', True),
('CLM01197', 'P00559', '2025-04-11', 3551.46, 'Rejected', 'Vandalism', 'Scratches and broken mirrors', True),
('CLM01198', 'P00546', '2024-03-22', 8427.77, 'Rejected', 'Theft', 'Vehicle stolen from home driveway', True),
('CLM01199', 'P00556', '2025-04-06', 2599.48, 'Under Review', 'Water Damage', 'Flooded during storm in garage', True),
('CLM01200', 'P00268', '2024-02-13', 3877.5, 'Approved', 'Fire', 'Engine fire due to overheating', False);